Workbook

Sheet README_BENCHMARK
A1: Wilsify AI analysis benchmark
A2: Test IDs (TEST_001 ...) are permanent. Media files are named TEST_###.<ext>; file_rename_mapping.csv maps them back to the original names.
A3: Sources everywhere: GROUND_TRUTH, WILSIFY_AI, CHORD_AI, OTHER_REPO, CLAUDE. Prediction columns are never copied into ground truth.
A4: Ground truth values still to be provided: TO ENTER (key, capo), UNKNOWN (BPM), UNKNOWN / TO VERIFY (time signature). Do not replace them with a system prediction.
A5: Yellow cells are for you. Empty system columns mean that system has not been run yet.
A6: Capo: 0 = no capo, 1, 2, 3 ... = fret number (numbers, not text).
A7: Chord timestamps are stored in seconds as raw numbers. Different systems will have different timestamps; timing tolerance is applied later, not when entering data.
A8: Raw Chord is exactly what the source produced. Normalized Chord (e.g. Cmaj -> C, Amin -> Am) is filled later and never overwrites Raw Chord.
A9: Existing sheets 'Read me', 'Videos', 'Chords' and 'Wilsify said' are kept unchanged. They use the old IDs v01-v12; TEST_INDEX has a Legacy ID column linking them (v01 = TEST_001 ... v12 = TEST_012).
A10: Wilsify values in SONG_LEVEL_TRUTH and CHORD_TIMELINE come from the old 'Wilsify said' sheet (an earlier run of the app). They are not ground truth.

Sheet TEST_INDEX
A1: Test ID | B1: Current Filename | C1: Original Filename | D1: File Type | E1: Duration | F1: Description | G1: Status | H1: Notes | I1: Duration (sec) | J1: Legacy ID | K1: Video Size (WxH)
A2: TEST_001 | B2: TEST_001.mp4 | C2: InShot_20240603_124621068.mp4 | D2: MP4 | E2: 0:31 | F2: Boy playing acoustic guitar in a classroom | G2: READY | H2: Legacy ID v01 / 'Classroom Guitar'. Previous filename: v01_Classroom_Guitar.mp4 | I2: 30.77 | J2: v01 | K2: 712x1280
A3: TEST_002 | B3: TEST_002.mp4 | C3: Sunday brunch @thefishermanswharfmobor with @3_4_one.mp4 | D3: MP4 | E3: 2:17 | F3: Man in yellow tee playing keyboard, 'Goan music' brunch | G3: READY | H3: Legacy ID v02 / 'Keyboard Sunday Brunch'. Previous filename: v02_Keyboard_Sunday_Brunch.mp4 | I3: 137.37 | J3: v02 | K3: 720x1280
A4: TEST_003 | B4: TEST_003.mp4 | C4: Video-16744.mp4 | D4: MP4 | E4: 0:26 | F4: Group sitting in a living room, 'A generation that loves Jesus' | G4: READY | H4: Legacy ID v03 / 'Group Worship Singalong'. Previous filename: v03_Group_Worship_Singalong.mp4 | I4: 25.93 | J4: v03 | K4: 1276x720
A5: TEST_004 | B5: TEST_004.mp4 | C5: Video-22295.mp4 | D5: MP4 | E5: 1:37 | F5: Curly-haired guy, acoustic guitar, dark room | G5: READY | H5: Legacy ID v04 / 'Dark Room Acoustic'. Previous filename: v04_Dark_Room_Acoustic.mp4 | I5: 96.57 | J5: v04 | K5: 720x1280
A6: TEST_005 | B6: TEST_005.mp4 | C6: Video-23401.mp4 | D6: MP4 | E6: 0:31 | F6: Curly hair + glasses, singing 'bless the Lord oh my soul' | G6: READY | H6: Legacy ID v05 / 'Bless The Lord Acoustic'. Previous filename: v05_Bless_The_Lord_Acoustic.mp4 | I6: 31.3 | J6: v05 | K6: 720x1280
A7: TEST_006 | B7: TEST_006.mp4 | C7: Video-44412.mp4 | D7: MP4 | E7: 1:14 | F7: Two guys with acoustic guitars, teal room | G7: READY | H7: Legacy ID v06 / 'Duo Acoustic Jam'. Previous filename: v06_Duo_Acoustic_Jam.mp4 | I7: 73.74 | J7: v06 | K7: 720x960
A8: TEST_007 | B8: TEST_007.mp4 | C8: Video-45939.mp4 | D8: MP4 | E8: 0:32 | F8: Fingerstyle guitar with a tab shown on screen | G8: READY | H8: Legacy ID v07 / 'Fingerstyle Tab Lesson'. Previous filename: v07_Fingerstyle_Tab_Lesson.mp4 | I8: 32.46 | J8: v07 | K8: 720x1280
A9: TEST_008 | B9: TEST_008.mp4 | C9: Video-52398.mp4 | D9: MP4 | E9: 0:30 | F9: Man by a lake, 'I'm Not the Only One', Amaj7 | G9: READY | H9: Legacy ID v08 / 'Lake Not The Only One'. Previous filename: v08_Lake_Not_The_Only_One.mp4 | I9: 30.42 | J9: v08 | K9: 720x1280
A10: TEST_009 | B10: TEST_009.mp4 | C10: Video-57244.mp4 | D10: MP4 | E10: 1:09 | F10: Band jam with saxophone, 'Hips Don't Lie' | G10: READY | H10: Legacy ID v09 / 'Hips Dont Lie Sax Jam'. Previous filename: v09_Hips_Dont_Lie_Sax_Jam.mp4 | I10: 68.73 | J10: v09 | K10: 720x1280
A11: TEST_010 | B11: TEST_010.mp4 | C11: WhatsApp Video 2026-10-11 at 10.02.14 PM.mp4 | D11: MP4 | E11: 1:17 | F11: Guy on guitar + girl singing, @thestringprojectmusic | G11: READY | H11: Legacy ID v10 / 'String Project Duet'. Previous filename: v10_String_Project_Duet.mp4 | I11: 76.66 | J11: v10 | K11: 478x850
A12: TEST_011 | B12: TEST_011.mp4 | C12: WhatsApp Video 2026-10-11 at 8.42.45 PM.mp4 | D12: MP4 | E12: 1:37 | F12: Band, 'Novro mho'zo Portugala thavn Bombaim yetolo', @thesecretsauce_band | G12: READY | H12: Legacy ID v11 / 'Konkani Band Novro Portugala'. Previous filename: v11_Konkani_Band_Novro_Portugala.mp4 | I12: 97.24 | J12: v11 | K12: 478x850
A13: TEST_012 | B13: TEST_012.mp4 | C13: o começo dessa música é quase um trava língua... @alcioneamarrom.mp4 | D13: MP4 | E13: 0:41 | F13: Girl singing with acoustic guitar, Portuguese song | G13: READY | H13: Legacy ID v12 / 'Portuguese Girl Guitar'. Previous filename: v12_Portuguese_Girl_Guitar.mp4 | I13: 41.1 | J13: v12 | K13: 1080x1920
A14: TEST_013 | B14: TEST_013.mp4 | C14: WhatsApp Video 2026-10-16 at 2.50.19 PM.mp4 | D14: MP4 | E14: 1:18 | F14: NOT PROVIDED | G14: READY | H14: Added 2026-10-16 (WhatsApp). Description not provided yet. | I14: 78.03 | K14: 480x854
A15: TEST_014 | B15: TEST_014.mp4 | C15: WhatsApp Video 2026-10-16 at 2.50.28 PM.mp4 | D15: MP4 | E15: 0:44 | F15: NOT PROVIDED | G15: READY | H15: Added 2026-10-16 (WhatsApp). Description not provided yet. | I15: 43.58 | K15: 480x854
A16: TEST_015 | B16: TEST_015.mp4 | C16: WhatsApp Video 2026-10-16 at 2.51.08 PM.mp4 | D16: MP4 | E16: 0:29 | F16: NOT PROVIDED | G16: READY | H16: Added 2026-10-16 (WhatsApp). Description not provided yet. | I16: 29.04 | K16: 478x850
A17: TEST_016 | B17: TEST_016.mp4 | C17: WhatsApp Video 2026-10-16 at 2.51.09 PM.mp4 | D17: MP4 | E17: 1:12 | F17: NOT PROVIDED | G17: READY | H17: Added 2026-10-16 (WhatsApp). Description not provided yet. | I17: 72.45 | K17: 480x854
A18: TEST_017 | B18: TEST_017.mp4 | C18: WhatsApp Video 2026-10-16 at 2.51.09 PM (1).mp4 | D18: MP4 | E18: 2:14 | F18: NOT PROVIDED | G18: READY | H18: Added 2026-10-16 (WhatsApp). Description not provided yet. | I18: 133.68 | K18: 848x478
A19: TEST_018 | B19: TEST_018.mp4 | C19: WhatsApp Video 2026-10-16 at 2.51.10 PM.mp4 | D19: MP4 | E19: 1:14 | F19: NOT PROVIDED | G19: READY | H19: Added 2026-10-16 (WhatsApp). Description not provided yet. | I19: 74 | K19: 476x848
A20: TEST_019 | B20: TEST_019.mp4 | C20: WhatsApp Video 2026-10-16 at 2.51.10 PM (1).mp4 | D20: MP4 | E20: 1:23 | F20: NOT PROVIDED | G20: READY | H20: Added 2026-10-16 (WhatsApp). Description not provided yet. | I20: 83 | K20: 478x850
A21: TEST_020 | B21: TEST_020.mp4 | C21: WhatsApp Video 2026-10-16 at 2.51.10 PM (2).mp4 | D21: MP4 | E21: 1:41 | F21: NOT PROVIDED | G21: READY | H21: Added 2026-10-16 (WhatsApp). Description not provided yet. | I21: 100.65 | K21: 480x854

Sheet SONG_LEVEL_TRUTH
A1: Test ID | B1: Filename | C1: Duration (sec) | D1: Capo - Ground Truth / By Ear | E1: Capo - Wilsify AI | F1: Capo - Chord AI | G1: Capo - Other Repo | H1: Capo - Claude | I1: BPM - Ground Truth / By Ear | J1: BPM - Wilsify AI | K1: BPM - Chord AI | L1: BPM - Other Repo | M1: BPM - Claude | N1: Time Signature - Ground Truth / By Ear | O1: Time Signature - Wilsify AI | P1: Time Signature - Chord AI | Q1: Time Signature - Other Repo | R1: Time Signature - Claude | S1: Key - Ground Truth / Played | T1: Key - Wilsify AI | U1: Key - Chord AI | V1: Key - Other Repo | W1: Key - Claude | X1: Detected Tuning - Wilsify | Y1: Detected Tuning - Chord AI | Z1: Detected Tuning - Other Repo | AA1: Detected Tuning - Claude | AB1: Confidence - Wilsify | AC1: Confidence - Chord AI | AD1: Confidence - Other Repo | AE1: Confidence - Claude | AF1: Comments
A2: TEST_001 | B2: TEST_001.mp4 | C2: 30.77 | D2: 4 | E2: 4 | F2: 4 | G2: Not estimated | H2: Not estimated | I2: =IF(ISNUMBER(BPM_TRUTH!B2),BPM_TRUTH!B2,"UNKNOWN") | J2: 125 | K2: 125 | L2: 124 | M2: 123 | N2: =IF(OR(METER_TRUTH!B2="",LEFT(METER_TRUTH!B2,7)="UNKNOWN"),"UNKNOWN",METER_TRUTH!B2) | O2: 4/4 | P2: Not Shown | Q2: Not estimated | R2: 3/4 | S2: B (4th fret G) | T2: B (4th fret G) | U2: B (4th fret G) | V2: F# Major | W2: F# Major | X2: EADGBE | Y2: EADGBE | Z2: Not detected | AA2: Not detected (audio -5 cents vs A440) | AC2: not shown | AD2: key strength 0.88; tempo conf 1.91 | AE2: key votes 9/16 engines; tempo engines agreeing 4/4 | AF2: Wilsify = old 'Wilsify said' run (capo 'none' recorded as 0). First chords as detected: B G#m B C#7 F# C#7 B F# G#m C#7 F# A#m. Old 'Videos' sheet has Capo fret = 4 pre-filled; not treated as ground truth until you confirm.
A3: TEST_002 | B3: TEST_002.mp4 | C3: 137.37 | D3: 0 | E3: 0 | F3: 0 | G3: Not estimated | H3: Not estimated | I3: =IF(ISNUMBER(BPM_TRUTH!B3),BPM_TRUTH!B3,"UNKNOWN") | J3: 90 | K3: 180 | L3: 178 | M3: 89 | N3: =IF(OR(METER_TRUTH!B3="",LEFT(METER_TRUTH!B3,7)="UNKNOWN"),"UNKNOWN",METER_TRUTH!B3) | O3: 3/4 | P3: Not Shown | Q3: Not estimated | R3: AMBIGUOUS | S3: D Major | T3: D Major | U3: D Major | V3: D Major | W3: D Major | X3: EADGBE | Y3: EADGBE | Z3: Not detected | AA3: Not detected (audio -5 cents vs A440) | AC3: not shown | AD3: key strength 0.98; tempo conf 1.55 | AE3: key votes 13/16 engines; tempo engines agreeing 4/4 | AF3: Wilsify = old 'Wilsify said' run (capo 'none' recorded as 0). First chords as detected: G Bm7 G A G D G Bm F#m7 Em G A. Old 'Videos' sheet has Capo fret = 0 pre-filled; not treated as ground truth until you confirm.
A4: TEST_003 | B4: TEST_003.mp4 | C4: 25.93 | D4: 0 | E4: 0 | F4: 0 | G4: Not estimated | H4: Not estimated | I4: =IF(ISNUMBER(BPM_TRUTH!B4),BPM_TRUTH!B4,"UNKNOWN") | J4: 155 | K4: 79 | L4: 154 | M4: 152 | N4: =IF(OR(METER_TRUTH!B4="",LEFT(METER_TRUTH!B4,7)="UNKNOWN"),"UNKNOWN",METER_TRUTH!B4) | P4: Not Shown | Q4: Not estimated | R4: 4/4 | S4: Bb | T4: F Major | U4: Bb | V4: Bb Major | W4: A# Major | X4: EADGBE | Y4: EADGBE | Z4: Not detected | AA4: Not detected (audio +10 cents vs A440) | AC4: not shown | AD4: key strength 0.86; tempo conf 0.97 | AE4: key votes 13/16 engines; tempo engines agreeing 3/4 | AF4: Wilsify = old 'Wilsify said' run (capo 'none' recorded as 0). First chords as detected: F F7 D# Gm7 A# Dm Gm D# Gm7 D# A# Dm. Old 'Videos' sheet has Capo fret = 0 pre-filled; not treated as ground truth until you confirm.
A5: TEST_004 | B5: TEST_004.mp4 | C5: 96.57 | D5: 0 | E5: 0 | F5: 0 | G5: Not estimated | H5: Not estimated | I5: =IF(ISNUMBER(BPM_TRUTH!B5),BPM_TRUTH!B5,"UNKNOWN") | J5: 110 | K5: 111 | L5: 108 | M5: 108 | N5: =IF(OR(METER_TRUTH!B5="",LEFT(METER_TRUTH!B5,7)="UNKNOWN"),"UNKNOWN",METER_TRUTH!B5) | O5: 4/4 | P5: Not Shown | Q5: Not estimated | R5: 2/4 | S5: E Major | T5: E Major | U5: C#m | V5: E Major | W5: E Major | X5: EADGBE | Y5: EADGBE | Z5: Not detected | AA5: Not detected (audio +5 cents vs A440) | AC5: not shown | AD5: key strength 0.81; tempo conf 0.56 | AE5: key votes 16/16 engines; tempo engines agreeing 3/4 | AF5: Wilsify = old 'Wilsify said' run (capo 'none' recorded as 0). First chords as detected: E A F#m7 E A F#m A F#m Em E G#m E. Old 'Videos' sheet has Capo fret = 0 pre-filled; not treated as ground truth until you confirm.
A6: TEST_005 | B6: TEST_005.mp4 | C6: 31.3 | D6: 0 | E6: 0 | F6: 0 | G6: Not estimated | H6: Not estimated | I6: =IF(ISNUMBER(BPM_TRUTH!B6),BPM_TRUTH!B6,"UNKNOWN") | J6: 129 | K6: 66 | L6: 130 | M6: 129 | N6: =IF(OR(METER_TRUTH!B6="",LEFT(METER_TRUTH!B6,7)="UNKNOWN"),"UNKNOWN",METER_TRUTH!B6) | O6: 4/4 | P6: Not Shown | Q6: Not estimated | R6: AMBIGUOUS | S6: Eb | T6: Eb Major | U6: Eb | V6: Eb Major | W6: D# Major | X6: EADGBE | Y6: EADGBE | Z6: Not detected | AA6: Not detected (audio +5 cents vs A440) | AC6: not shown | AD6: key strength 0.95; tempo conf 0.89 | AE6: key votes 16/16 engines; tempo engines agreeing 4/4 | AF6: Wilsify = old 'Wilsify said' run (capo 'none' recorded as 0). First chords as detected: D# G# Cm7 D# A# D# Fm7 Cm7 D# A# D# G#. Old 'Videos' sheet has Capo fret = 0 pre-filled; not treated as ground truth until you confirm.
A7: TEST_006 | B7: TEST_006.mp4 | C7: 73.74 | D7: 0 | E7: 0 | F7: 0 | G7: Not estimated | H7: Not estimated | I7: =IF(ISNUMBER(BPM_TRUTH!B7),BPM_TRUTH!B7,"UNKNOWN") | J7: 105 | K7: 106 | L7: 104 | M7: 106 | N7: =IF(OR(METER_TRUTH!B7="",LEFT(METER_TRUTH!B7,7)="UNKNOWN"),"UNKNOWN",METER_TRUTH!B7) | O7: 4/4 | P7: Not Shown | Q7: Not estimated | R7: 12/8 | S7: G Major | T7: D Major | U7: G Major | V7: G Major | W7: G Major | X7: EADGBE | Y7: EADGBE | Z7: Not detected | AA7: Not detected (audio +10 cents vs A440) | AC7: not shown | AD7: key strength 0.9; tempo conf 2.54 | AE7: key votes 15/16 engines; tempo engines agreeing 4/4 | AF7: Wilsify = old 'Wilsify said' run (capo 'none' recorded as 0). First chords as detected: G Em G Em7 A7 G Em7 G Em D Em D. Old 'Videos' sheet has Capo fret = 0 pre-filled; not treated as ground truth until you confirm.
A8: TEST_007 | B8: TEST_007.mp4 | C8: 32.46 | D8: 0 | E8: 0 | F8: 0 | G8: Not estimated | H8: Not estimated | I8: =IF(ISNUMBER(BPM_TRUTH!B8),BPM_TRUTH!B8,"UNKNOWN") | J8: 120 | K8: 120 | L8: 118 | M8: 118 | N8: =IF(OR(METER_TRUTH!B8="",LEFT(METER_TRUTH!B8,7)="UNKNOWN"),"UNKNOWN",METER_TRUTH!B8) | O8: 4/4 | P8: Not Shown | Q8: Not estimated | R8: AMBIGUOUS | S8: E Minor | T8: E Minor | U8: E Minor | V8: E Minor | W8: E Minor | X8: EADGBE | Y8: EADGBE | Z8: Not detected | AA8: Not detected (audio -0 cents vs A440) | AC8: not shown | AD8: key strength 0.95; tempo conf 2.48 | AE8: key votes 13/16 engines; tempo engines agreeing 4/4 | AF8: Wilsify = old 'Wilsify said' run (capo 'none' recorded as 0). First chords as detected: E Em Em7 D G D Am G Bm Em B7 C. Old 'Videos' sheet has Capo fret = 0 pre-filled; not treated as ground truth until you confirm.
A9: TEST_008 | B9: TEST_008.mp4 | C9: 30.42 | D9: 0 | E9: 0 | F9: 0 | G9: Not estimated | H9: Not estimated | I9: =IF(ISNUMBER(BPM_TRUTH!B9),BPM_TRUTH!B9,"UNKNOWN") | J9: 99 | K9: 99 | L9: 99 | M9: 99 | N9: =IF(OR(METER_TRUTH!B9="",LEFT(METER_TRUTH!B9,7)="UNKNOWN"),"UNKNOWN",METER_TRUTH!B9) | O9: 4/3 | P9: Not Shown | Q9: Not estimated | R9: 2/4 | S9: E Major | T9: E Major | U9: E Major | V9: E Major | W9: E Major | X9: EADGBE | Y9: EADGBE | Z9: Not detected | AA9: Not detected (audio +10 cents vs A440) | AC9: not shown | AD9: key strength 0.9; tempo conf 2.34 | AE9: key votes 15/16 engines; tempo engines agreeing 4/4 | AF9: Wilsify = old 'Wilsify said' run (capo 'none' recorded as 0). First chords as detected: E C#m F#m A F#m E B7 E Am7 E Fm F#m. Old 'Videos' sheet has Capo fret = 0 pre-filled; not treated as ground truth until you confirm.
A10: TEST_009 | B10: TEST_009.mp4 | C10: 68.73 | D10: 0 | E10: 0 | F10: 0 | G10: Not estimated | H10: Not estimated | I10: =IF(ISNUMBER(BPM_TRUTH!B10),BPM_TRUTH!B10,"UNKNOWN") | J10: 104 | K10: 104 | L10: 104 | M10: 120 | N10: =IF(OR(METER_TRUTH!B10="",LEFT(METER_TRUTH!B10,7)="UNKNOWN"),"UNKNOWN",METER_TRUTH!B10) | O10: 4/4 | P10: Not Shown | Q10: Not estimated | R10: 4/4 | S10: Dm | T10: Dm | U10: Dm | V10: D Minor | W10: D Minor | X10: EADGBE | Y10: EADGBE | Z10: Not detected | AA10: Not detected (audio -0 cents vs A440) | AC10: not shown | AD10: key strength 0.95; tempo conf 3.36 | AE10: key votes 15/16 engines; tempo engines agreeing 0/4 | AF10: Wilsify = old 'Wilsify said' run (capo 'none' recorded as 0). First chords as detected: n/a. Old 'Videos' sheet has Capo fret = 0 pre-filled; not treated as ground truth until you confirm.
A11: TEST_010 | B11: TEST_010.mp4 | C11: 76.66 | D11: 0 | E11: 0 | F11: 0 | G11: Not estimated | H11: Not estimated | I11: =IF(ISNUMBER(BPM_TRUTH!B11),BPM_TRUTH!B11,"UNKNOWN") | J11: 113 | K11: 112 | L11: 112 | M11: 112 | N11: =IF(OR(METER_TRUTH!B11="",LEFT(METER_TRUTH!B11,7)="UNKNOWN"),"UNKNOWN",METER_TRUTH!B11) | O11: 4/4 | P11: Not Shown | Q11: Not estimated | R11: 6/8 | S11: Gb Major, F, A | T11: Gb Major | U11: B, Bb | V11: B Minor | W11: B Minor | X11: EADGBE | Y11: EADGBE | Z11: Not detected | AA11: Not detected (audio -0 cents vs A440) | AC11: not shown | AD11: key strength 0.66; tempo conf 0.85 | AE11: key votes 13/16 engines; tempo engines agreeing 4/4 | AF11: Wilsify = old 'Wilsify said' run (capo 'none' recorded as 0). First chords as detected: B C# G#m7 F# B G#m C# F# C# G#m7 C# F#. Old 'Videos' sheet has Capo fret = 0 pre-filled; not treated as ground truth until you confirm.
A12: TEST_011 | B12: TEST_011.mp4 | C12: 97.24 | D12: 0 | E12: 0 | F12: 0 | G12: Not estimated | H12: Not estimated | I12: =IF(ISNUMBER(BPM_TRUTH!B12),BPM_TRUTH!B12,"UNKNOWN") | J12: 122 | K12: 123 | L12: 122 | M12: 123 | N12: =IF(OR(METER_TRUTH!B12="",LEFT(METER_TRUTH!B12,7)="UNKNOWN"),"UNKNOWN",METER_TRUTH!B12) | O12: 4/4 | P12: Not Shown | Q12: Not estimated | R12: AMBIGUOUS | S12: G Major, E Major | T12: B Major | U12: G Major, E Major | V12: E Major | W12: E Major | X12: EADGBE | Y12: EADGBE | Z12: Not detected | AA12: Not detected (audio -0 cents vs A440) | AC12: not shown | AD12: key strength 0.83; tempo conf 3.22 | AE12: key votes 11/16 engines; tempo engines agreeing 4/4 | AF12: Wilsify = old 'Wilsify said' run (capo 'none' recorded as 0). First chords as detected: D7 E B Em E C#m D7 B D#m F#7 E F#7. Old 'Videos' sheet has Capo fret = 0 pre-filled; not treated as ground truth until you confirm.
A13: TEST_012 | B13: TEST_012.mp4 | C13: 41.1 | D13: 0 | E13: 0 | F13: 0 | G13: Not estimated | H13: Not estimated | I13: =IF(ISNUMBER(BPM_TRUTH!B13),BPM_TRUTH!B13,"UNKNOWN") | J13: 87 | K13: 67 | L13: 120 | M13: 117 | N13: =IF(OR(METER_TRUTH!B13="",LEFT(METER_TRUTH!B13,7)="UNKNOWN"),"UNKNOWN",METER_TRUTH!B13) | O13: 4/3 | P13: Not Shown | Q13: Not estimated | R13: AMBIGUOUS | S13: G# Minor | T13: G# Minor | U13: B Major | V13: Ab Minor | W13: G# Minor | X13: EADGBE | Y13: EADGBE | Z13: Not detected | AA13: Not detected (audio -5 cents vs A440) | AC13: not shown | AD13: key strength 0.86; tempo conf 0.42 | AE13: key votes 16/16 engines; tempo engines agreeing 3/4 | AF13: Wilsify = old 'Wilsify said' run (capo 'none' recorded as 0). First chords as detected: G#m F# C#m D# G#m C#m A D#m7 D# G#m F# C#m. Old 'Videos' sheet has Capo fret = 0 pre-filled; not treated as ground truth until you confirm.
A14: TEST_013 | B14: TEST_013.mp4 | C14: 78.03 | D14: 0 | E14: 0 | F14: 0 | G14: Not estimated | H14: Not estimated | I14: =IF(ISNUMBER(BPM_TRUTH!B14),BPM_TRUTH!B14,"UNKNOWN") | J14: 103 | K14: 103 | L14: 103 | M14: 103 | N14: =IF(OR(METER_TRUTH!B14="",LEFT(METER_TRUTH!B14,7)="UNKNOWN"),"UNKNOWN",METER_TRUTH!B14) | O14: 4/4 | P14: Not Shown | Q14: Not estimated | R14: 2/4 | S14: C Major | T14: C Major | U14: C Major | V14: C Major | W14: C Major | X14: EADGBE | Y14: EADGBE | Z14: Not detected | AA14: Not detected (audio -0 cents vs A440) | AC14: not shown | AD14: key strength 0.96; tempo conf 0.17 | AE14: key votes 16/16 engines; tempo engines agreeing 4/4
A15: TEST_014 | B15: TEST_014.mp4 | C15: 43.58 | D15: 0 | E15: 0 | F15: 0 | G15: Not estimated | H15: Not estimated | I15: =IF(ISNUMBER(BPM_TRUTH!B15),BPM_TRUTH!B15,"UNKNOWN") | J15: 99 | K15: 99 | L15: 100 | M15: 100 | N15: =IF(OR(METER_TRUTH!B15="",LEFT(METER_TRUTH!B15,7)="UNKNOWN"),"UNKNOWN",METER_TRUTH!B15) | O15: 4/4 | P15: Not Shown | Q15: Not estimated | R15: 2/4 | S15: Cm | T15: Cm | U15: Cm | V15: Eb Major | W15: D# Major | X15: EADGBE | Y15: EADGBE | Z15: Not detected | AA15: Not detected (audio -5 cents vs A440) | AC15: not shown | AD15: key strength 0.85; tempo conf 1.26 | AE15: key votes 14/16 engines; tempo engines agreeing 4/4
A16: TEST_015 | B16: TEST_015.mp4 | C16: 29.04 | D16: 0 | E16: 0 | F16: 0 | G16: Not estimated | H16: Not estimated | I16: =IF(ISNUMBER(BPM_TRUTH!B16),BPM_TRUTH!B16,"UNKNOWN") | J16: 114 | K16: 115 | L16: 112 | M16: 112 | N16: =IF(OR(METER_TRUTH!B16="",LEFT(METER_TRUTH!B16,7)="UNKNOWN"),"UNKNOWN",METER_TRUTH!B16) | O16: 4/4 | P16: Not Shown | Q16: Not estimated | R16: AMBIGUOUS | S16: C Major | T16: C Major | U16: C Major | V16: C Major | W16: C Major | X16: EADGBE | Y16: EADGBE | Z16: Not detected | AA16: Not detected (audio -0 cents vs A440) | AC16: not shown | AD16: key strength 0.89; tempo conf 1.93 | AE16: key votes 15/16 engines; tempo engines agreeing 4/4
A17: TEST_016 | B17: TEST_016.mp4 | C17: 72.45 | D17: 0 | E17: 0 | F17: 0 | G17: Not estimated | H17: Not estimated | I17: =IF(ISNUMBER(BPM_TRUTH!B17),BPM_TRUTH!B17,"UNKNOWN") | J17: 145 | K17: 122 | L17: 126 | M17: 124 | N17: =IF(OR(METER_TRUTH!B17="",LEFT(METER_TRUTH!B17,7)="UNKNOWN"),"UNKNOWN",METER_TRUTH!B17) | O17: 4/4 | P17: Not Shown | Q17: Not estimated | R17: 4/4 | S17: Am | T17: E Major | U17: C Major | V17: A Minor | W17: A Minor | X17: EADGBE | Y17: EADGBE | Z17: Not detected | AA17: Not detected (audio -0 cents vs A440) | AC17: not shown | AD17: key strength 0.85; tempo conf 0.19 | AE17: key votes 12/16 engines; tempo engines agreeing 4/4
A18: TEST_017 | B18: TEST_017.mp4 | C18: 133.68 | D18: 0 | E18: 0 | F18: 0 | G18: Not estimated | H18: Not estimated | I18: =IF(ISNUMBER(BPM_TRUTH!B18),BPM_TRUTH!B18,"UNKNOWN") | J18: 110 | K18: 73 | L18: 111 | M18: 117 | N18: =IF(OR(METER_TRUTH!B18="",LEFT(METER_TRUTH!B18,7)="UNKNOWN"),"UNKNOWN",METER_TRUTH!B18) | O18: 4/4 | P18: Not Shown | Q18: Not estimated | R18: 3/4 | S18: D Major | T18: D Major | U18: D Major | V18: D Major | W18: D Major | X18: EADGBE | Y18: EADGBE | Z18: Not detected | AA18: Not detected (audio -5 cents vs A440) | AC18: not shown | AD18: key strength 0.96; tempo conf -0.12 | AE18: key votes 16/16 engines; tempo engines agreeing 0/4
A19: TEST_018 | B19: TEST_018.mp4 | C19: 74 | D19: 0 | E19: 0 | F19: 0 | G19: Not estimated | H19: Not estimated | I19: =IF(ISNUMBER(BPM_TRUTH!B19),BPM_TRUTH!B19,"UNKNOWN") | J19: 121 | K19: 121 | L19: 120 | M19: 122 | N19: =IF(OR(METER_TRUTH!B19="",LEFT(METER_TRUTH!B19,7)="UNKNOWN"),"UNKNOWN",METER_TRUTH!B19) | O19: 4/4 | P19: Not Shown | Q19: Not estimated | R19: 4/4 | S19: G Major | T19: G Major | U19: G Major | V19: G Major | W19: G Major | X19: EADGBE | Y19: EADGBE | Z19: Not detected | AA19: Not detected (audio -10 cents vs A440) | AC19: not shown | AD19: key strength 0.94; tempo conf 1.11 | AE19: key votes 15/16 engines; tempo engines agreeing 4/4
A20: TEST_019 | B20: TEST_019.mp4 | C20: 83 | D20: 0 | E20: 0 | F20: 0 | G20: Not estimated | H20: Not estimated | I20: =IF(ISNUMBER(BPM_TRUTH!B20),BPM_TRUTH!B20,"UNKNOWN") | J20: 120 | K20: 120 | L20: 119 | M20: 121 | N20: =IF(OR(METER_TRUTH!B20="",LEFT(METER_TRUTH!B20,7)="UNKNOWN"),"UNKNOWN",METER_TRUTH!B20) | O20: 4/4 | P20: Not Shown | Q20: Not estimated | R20: 9/8 | S20: F Major | T20: F Major | U20: F Major | V20: F Major | W20: F Major | X20: EADGBE | Y20: EADGBE | Z20: Not detected | AA20: Not detected (audio +15 cents vs A440) | AC20: not shown | AD20: key strength 0.95; tempo conf 1.87 | AE20: key votes 16/16 engines; tempo engines agreeing 4/4
A21: TEST_020 | B21: TEST_020.mp4 | C21: 100.65 | D21: 0 | E21: 0 | F21: 0 | G21: Not estimated | H21: Not estimated | I21: =IF(ISNUMBER(BPM_TRUTH!B21),BPM_TRUTH!B21,"UNKNOWN") | J21: 114 | K21: 109 | L21: 114 | M21: 112 | N21: =IF(OR(METER_TRUTH!B21="",LEFT(METER_TRUTH!B21,7)="UNKNOWN"),"UNKNOWN",METER_TRUTH!B21) | O21: 4/4 | P21: Not Shown | Q21: Not estimated | R21: AMBIGUOUS | S21: E Major | T21: E Major | U21: C#m | V21: E Major | W21: E Major | X21: EADGBE | Y21: EADGBE | Z21: Not detected | AA21: Not detected (audio +5 cents vs A440) | AC21: not shown | AD21: key strength 0.81; tempo conf 0.38 | AE21: key votes 16/16 engines; tempo engines agreeing 3/4

Sheet BPM_TRUTH
A1: Test ID | B1: BPM Ground Truth | C1: BPM Ground Truth Method | D1: BPM Ground Truth Confidence | E1: Metronome BPM | F1: Manual Tap BPM | G1: Measured BPM | H1: Normalized BPM | I1: BPM - Wilsify AI | J1: BPM - Chord AI | K1: BPM - Other Repo | L1: BPM - Claude | M1: Wilsify BPM Error | N1: Chord AI BPM Error | O1: Other Repo BPM Error | P1: Claude BPM Error | Q1: Wilsify BPM Error % | R1: Chord AI BPM Error % | S1: Other Repo BPM Error % | T1: Claude BPM Error % | U1: Wilsify Tempo Relation | V1: Chord AI Tempo Relation | W1: Other Repo Tempo Relation | X1: Claude Tempo Relation | Y1: Half-Time Candidate | Z1: Double-Time Candidate | AA1: Tempo Confidence | AB1: Tempo Notes | AC1: Usable Beats | AD1: BPM Variation % | AE1: Raw Detector Values
A2: TEST_001 | C2: UNKNOWN - awaiting metronome setting / tap | D2: NONE | G2: 123.05 | H2: 123 | I2: =IFERROR(IF(INDEX(SONG_LEVEL_TRUTH!$J$2:$J$200,MATCH($A2,SONG_LEVEL_TRUTH!$A$2:$A$200,0))="","",INDEX(SONG_LEVEL_TRUTH!$J$2:$J$200,MATCH($A2,SONG_LEVEL_TRUTH!$A$2:$A$200,0))),"") | J2: =IFERROR(IF(INDEX(SONG_LEVEL_TRUTH!$K$2:$K$200,MATCH($A2,SONG_LEVEL_TRUTH!$A$2:$A$200,0))="","",INDEX(SONG_LEVEL_TRUTH!$K$2:$K$200,MATCH($A2,SONG_LEVEL_TRUTH!$A$2:$A$200,0))),"") | K2: =IFERROR(IF(INDEX(SONG_LEVEL_TRUTH!$L$2:$L$200,MATCH($A2,SONG_LEVEL_TRUTH!$A$2:$A$200,0))="","",INDEX(SONG_LEVEL_TRUTH!$L$2:$L$200,MATCH($A2,SONG_LEVEL_TRUTH!$A$2:$A$200,0))),"") | L2: =IFERROR(IF(INDEX(SONG_LEVEL_TRUTH!$M$2:$M$200,MATCH($A2,SONG_LEVEL_TRUTH!$A$2:$A$200,0))="","",INDEX(SONG_LEVEL_TRUTH!$M$2:$M$200,MATCH($A2,SONG_LEVEL_TRUTH!$A$2:$A$200,0))),"") | M2: =IF(ISNUMBER($B2),IF(ISNUMBER(I2),ABS(I2-$B2),"n/a"),"GT UNKNOWN") | N2: =IF(ISNUMBER($B2),IF(ISNUMBER(J2),ABS(J2-$B2),"n/a"),"GT UNKNOWN") | O2: =IF(ISNUMBER($B2),IF(ISNUMBER(K2),ABS(K2-$B2),"n/a"),"GT UNKNOWN") | P2: =IF(ISNUMBER($B2),IF(ISNUMBER(L2),ABS(L2-$B2),"n/a"),"GT UNKNOWN") | Q2: =IF(ISNUMBER($B2),IF(ISNUMBER(I2),ABS(I2-$B2)/$B2*100,"n/a"),"GT UNKNOWN") | R2: =IF(ISNUMBER($B2),IF(ISNUMBER(J2),ABS(J2-$B2)/$B2*100,"n/a"),"GT UNKNOWN") | S2: =IF(ISNUMBER($B2),IF(ISNUMBER(K2),ABS(K2-$B2)/$B2*100,"n/a"),"GT UNKNOWN") | T2: =IF(ISNUMBER($B2),IF(ISNUMBER(L2),ABS(L2-$B2)/$B2*100,"n/a"),"GT UNKNOWN") | U2: =IF(ISNUMBER($B2),IF(ISNUMBER(I2),IF(ABS(I2/$B2-1)<=0.03,"MATCH (within 3%)",IF(ABS(I2/$B2-2)<=0.06,"DOUBLE-TIME ERROR",IF(ABS(I2/$B2-0.5)<=0.03,"HALF-TIME ERROR","BPM ERROR"))),"n/a"),"GT UNKNOWN") | V2: =IF(ISNUMBER($B2),IF(ISNUMBER(J2),IF(ABS(J2/$B2-1)<=0.03,"MATCH (within 3%)",IF(ABS(J2/$B2-2)<=0.06,"DOUBLE-TIME ERROR",IF(ABS(J2/$B2-0.5)<=0.03,"HALF-TIME ERROR","BPM ERROR"))),"n/a"),"GT UNKNOWN") | W2: =IF(ISNUMBER($B2),IF(ISNUMBER(K2),IF(ABS(K2/$B2-1)<=0.03,"MATCH (within 3%)",IF(ABS(K2/$B2-2)<=0.06,"DOUBLE-TIME ERROR",IF(ABS(K2/$B2-0.5)<=0.03,"HALF-TIME ERROR","BPM ERROR"))),"n/a"),"GT UNKNOWN") | X2: =IF(ISNUMBER($B2),IF(ISNUMBER(L2),IF(ABS(L2/$B2-1)<=0.03,"MATCH (within 3%)",IF(ABS(L2/$B2-2)<=0.06,"DOUBLE-TIME ERROR",IF(ABS(L2/$B2-0.5)<=0.03,"HALF-TIME ERROR","BPM ERROR"))),"n/a"),"GT UNKNOWN") | Y2: 61.5 | Z2: 246.1 | AA2: MEDIUM | AB2: pulse support 5/6 methods; octave ambiguity possible - confirm by ear/metronome | AC2: 62 | AD2: 7.1 | AE2: ess_multifeature=123.6, ess_degara=123.6, lib_beat_track=123.0, tempogram=126.0, autocorr=123.0, ioi_hist=225.0
A3: TEST_002 | C3: UNKNOWN - awaiting metronome setting / tap | D3: NONE | G3: 178.21 | H3: 178.2 | I3: =IFERROR(IF(INDEX(SONG_LEVEL_TRUTH!$J$2:$J$200,MATCH($A3,SONG_LEVEL_TRUTH!$A$2:$A$200,0))="","",INDEX(SONG_LEVEL_TRUTH!$J$2:$J$200,MATCH($A3,SONG_LEVEL_TRUTH!$A$2:$A$200,0))),"") | J3: =IFERROR(IF(INDEX(SONG_LEVEL_TRUTH!$K$2:$K$200,MATCH($A3,SONG_LEVEL_TRUTH!$A$2:$A$200,0))="","",INDEX(SONG_LEVEL_TRUTH!$K$2:$K$200,MATCH($A3,SONG_LEVEL_TRUTH!$A$2:$A$200,0))),"") | K3: =IFERROR(IF(INDEX(SONG_LEVEL_TRUTH!$L$2:$L$200,MATCH($A3,SONG_LEVEL_TRUTH!$A$2:$A$200,0))="","",INDEX(SONG_LEVEL_TRUTH!$L$2:$L$200,MATCH($A3,SONG_LEVEL_TRUTH!$A$2:$A$200,0))),"") | L3: =IFERROR(IF(INDEX(SONG_LEVEL_TRUTH!$M$2:$M$200,MATCH($A3,SONG_LEVEL_TRUTH!$A$2:$A$200,0))="","",INDEX(SONG_LEVEL_TRUTH!$M$2:$M$200,MATCH($A3,SONG_LEVEL_TRUTH!$A$2:$A$200,0))),"") | M3: =IF(ISNUMBER($B3),IF(ISNUMBER(I3),ABS(I3-$B3),"n/a"),"GT UNKNOWN") | N3: =IF(ISNUMBER($B3),IF(ISNUMBER(J3),ABS(J3-$B3),"n/a"),"GT UNKNOWN") | O3: =IF(ISNUMBER($B3),IF(ISNUMBER(K3),ABS(K3-$B3),"n/a"),"GT UNKNOWN") | P3: =IF(ISNUMBER($B3),IF(ISNUMBER(L3),ABS(L3-$B3),"n/a"),"GT UNKNOWN") | Q3: =IF(ISNUMBER($B3),IF(ISNUMBER(I3),ABS(I3-$B3)/$B3*100,"n/a"),"GT UNKNOWN") | R3: =IF(ISNUMBER($B3),IF(ISNUMBER(J3),ABS(J3-$B3)/$B3*100,"n/a"),"GT UNKNOWN") | S3: =IF(ISNUMBER($B3),IF(ISNUMBER(K3),ABS(K3-$B3)/$B3*100,"n/a"),"GT UNKNOWN") | T3: =IF(ISNUMBER($B3),IF(ISNUMBER(L3),ABS(L3-$B3)/$B3*100,"n/a"),"GT UNKNOWN") | U3: =IF(ISNUMBER($B3),IF(ISNUMBER(I3),IF(ABS(I3/$B3-1)<=0.03,"MATCH (within 3%)",IF(ABS(I3/$B3-2)<=0.06,"DOUBLE-TIME ERROR",IF(ABS(I3/$B3-0.5)<=0.03,"HALF-TIME ERROR","BPM ERROR"))),"n/a"),"GT UNKNOWN") | V3: =IF(ISNUMBER($B3),IF(ISNUMBER(J3),IF(ABS(J3/$B3-1)<=0.03,"MATCH (within 3%)",IF(ABS(J3/$B3-2)<=0.06,"DOUBLE-TIME ERROR",IF(ABS(J3/$B3-0.5)<=0.03,"HALF-TIME ERROR","BPM ERROR"))),"n/a"),"GT UNKNOWN") | W3: =IF(ISNUMBER($B3),IF(ISNUMBER(K3),IF(ABS(K3/$B3-1)<=0.03,"MATCH (within 3%)",IF(ABS(K3/$B3-2)<=0.06,"DOUBLE-TIME ERROR",IF(ABS(K3/$B3-0.5)<=0.03,"HALF-TIME ERROR","BPM ERROR"))),"n/a"),"GT UNKNOWN") | X3: =IF(ISNUMBER($B3),IF(ISNUMBER(L3),IF(ABS(L3/$B3-1)<=0.03,"MATCH (within 3%)",IF(ABS(L3/$B3-2)<=0.06,"DOUBLE-TIME ERROR",IF(ABS(L3/$B3-0.5)<=0.03,"HALF-TIME ERROR","BPM ERROR"))),"n/a"),"GT UNKNOWN") | Y3: 89.1 | Z3: 356.4 | AA3: HIGH | AB3: pulse support 5/6 methods; octave ambiguity possible - confirm by ear/metronome | AC3: 410 | AD3: 0 | AE3: ess_multifeature=178.2, ess_degara=178.2, lib_beat_track=90.7, tempogram=178.2, autocorr=178.2, ioi_hist=179.0
A4: TEST_003 | C4: UNKNOWN - awaiting metronome setting / tap | D4: NONE | G4: 156.61 | H4: 147 | I4: =IFERROR(IF(INDEX(SONG_LEVEL_TRUTH!$J$2:$J$200,MATCH($A4,SONG_LEVEL_TRUTH!$A$2:$A$200,0))="","",INDEX(SONG_LEVEL_TRUTH!$J$2:$J$200,MATCH($A4,SONG_LEVEL_TRUTH!$A$2:$A$200,0))),"") | J4: =IFERROR(IF(INDEX(SONG_LEVEL_TRUTH!$K$2:$K$200,MATCH($A4,SONG_LEVEL_TRUTH!$A$2:$A$200,0))="","",INDEX(SONG_LEVEL_TRUTH!$K$2:$K$200,MATCH($A4,SONG_LEVEL_TRUTH!$A$2:$A$200,0))),"") | K4: =IFERROR(IF(INDEX(SONG_LEVEL_TRUTH!$L$2:$L$200,MATCH($A4,SONG_LEVEL_TRUTH!$A$2:$A$200,0))="","",INDEX(SONG_LEVEL_TRUTH!$L$2:$L$200,MATCH($A4,SONG_LEVEL_TRUTH!$A$2:$A$200,0))),"") | L4: =IFERROR(IF(INDEX(SONG_LEVEL_TRUTH!$M$2:$M$200,MATCH($A4,SONG_LEVEL_TRUTH!$A$2:$A$200,0))="","",INDEX(SONG_LEVEL_TRUTH!$M$2:$M$200,MATCH($A4,SONG_LEVEL_TRUTH!$A$2:$A$200,0))),"") | M4: =IF(ISNUMBER($B4),IF(ISNUMBER(I4),ABS(I4-$B4),"n/a"),"GT UNKNOWN") | N4: =IF(ISNUMBER($B4),IF(ISNUMBER(J4),ABS(J4-$B4),"n/a"),"GT UNKNOWN") | O4: =IF(ISNUMBER($B4),IF(ISNUMBER(K4),ABS(K4-$B4),"n/a"),"GT UNKNOWN") | P4: =IF(ISNUMBER($B4),IF(ISNUMBER(L4),ABS(L4-$B4),"n/a"),"GT UNKNOWN") | Q4: =IF(ISNUMBER($B4),IF(ISNUMBER(I4),ABS(I4-$B4)/$B4*100,"n/a"),"GT UNKNOWN") | R4: =IF(ISNUMBER($B4),IF(ISNUMBER(J4),ABS(J4-$B4)/$B4*100,"n/a"),"GT UNKNOWN") | S4: =IF(ISNUMBER($B4),IF(ISNUMBER(K4),ABS(K4-$B4)/$B4*100,"n/a"),"GT UNKNOWN") | T4: =IF(ISNUMBER($B4),IF(ISNUMBER(L4),ABS(L4-$B4)/$B4*100,"n/a"),"GT UNKNOWN") | U4: =IF(ISNUMBER($B4),IF(ISNUMBER(I4),IF(ABS(I4/$B4-1)<=0.03,"MATCH (within 3%)",IF(ABS(I4/$B4-2)<=0.06,"DOUBLE-TIME ERROR",IF(ABS(I4/$B4-0.5)<=0.03,"HALF-TIME ERROR","BPM ERROR"))),"n/a"),"GT UNKNOWN") | V4: =IF(ISNUMBER($B4),IF(ISNUMBER(J4),IF(ABS(J4/$B4-1)<=0.03,"MATCH (within 3%)",IF(ABS(J4/$B4-2)<=0.06,"DOUBLE-TIME ERROR",IF(ABS(J4/$B4-0.5)<=0.03,"HALF-TIME ERROR","BPM ERROR"))),"n/a"),"GT UNKNOWN") | W4: =IF(ISNUMBER($B4),IF(ISNUMBER(K4),IF(ABS(K4/$B4-1)<=0.03,"MATCH (within 3%)",IF(ABS(K4/$B4-2)<=0.06,"DOUBLE-TIME ERROR",IF(ABS(K4/$B4-0.5)<=0.03,"HALF-TIME ERROR","BPM ERROR"))),"n/a"),"GT UNKNOWN") | X4: =IF(ISNUMBER($B4),IF(ISNUMBER(L4),IF(ABS(L4/$B4-1)<=0.03,"MATCH (within 3%)",IF(ABS(L4/$B4-2)<=0.06,"DOUBLE-TIME ERROR",IF(ABS(L4/$B4-0.5)<=0.03,"HALF-TIME ERROR","BPM ERROR"))),"n/a"),"GT UNKNOWN") | Y4: 73.5 | Z4: 294 | AA4: LOW | AB4: methods disagree (octave/tempo ambiguity); pulse support 2/6 methods; octave ambiguity possible - confirm by ear/metronome | AC4: 66 | AD4: 4.5 | AE4: ess_multifeature=154.4, ess_degara=103.2, lib_beat_track=147.7, tempogram=156.6, autocorr=51.7, ioi_hist=147.0
A5: TEST_004 | C5: UNKNOWN - awaiting metronome setting / tap | D5: NONE | G5: 107.67 | H5: 110 | I5: =IFERROR(IF(INDEX(SONG_LEVEL_TRUTH!$J$2:$J$200,MATCH($A5,SONG_LEVEL_TRUTH!$A$2:$A$200,0))="","",INDEX(SONG_LEVEL_TRUTH!$J$2:$J$200,MATCH($A5,SONG_LEVEL_TRUTH!$A$2:$A$200,0))),"") | J5: =IFERROR(IF(INDEX(SONG_LEVEL_TRUTH!$K$2:$K$200,MATCH($A5,SONG_LEVEL_TRUTH!$A$2:$A$200,0))="","",INDEX(SONG_LEVEL_TRUTH!$K$2:$K$200,MATCH($A5,SONG_LEVEL_TRUTH!$A$2:$A$200,0))),"") | K5: =IFERROR(IF(INDEX(SONG_LEVEL_TRUTH!$L$2:$L$200,MATCH($A5,SONG_LEVEL_TRUTH!$A$2:$A$200,0))="","",INDEX(SONG_LEVEL_TRUTH!$L$2:$L$200,MATCH($A5,SONG_LEVEL_TRUTH!$A$2:$A$200,0))),"") | L5: =IFERROR(IF(INDEX(SONG_LEVEL_TRUTH!$M$2:$M$200,MATCH($A5,SONG_LEVEL_TRUTH!$A$2:$A$200,0))="","",INDEX(SONG_LEVEL_TRUTH!$M$2:$M$200,MATCH($A5,SONG_LEVEL_TRUTH!$A$2:$A$200,0))),"") | M5: =IF(ISNUMBER($B5),IF(ISNUMBER(I5),ABS(I5-$B5),"n/a"),"GT UNKNOWN") | N5: =IF(ISNUMBER($B5),IF(ISNUMBER(J5),ABS(J5-$B5),"n/a"),"GT UNKNOWN") | O5: =IF(ISNUMBER($B5),IF(ISNUMBER(K5),ABS(K5-$B5),"n/a"),"GT UNKNOWN") | P5: =IF(ISNUMBER($B5),IF(ISNUMBER(L5),ABS(L5-$B5),"n/a"),"GT UNKNOWN") | Q5: =IF(ISNUMBER($B5),IF(ISNUMBER(I5),ABS(I5-$B5)/$B5*100,"n/a"),"GT UNKNOWN") | R5: =IF(ISNUMBER($B5),IF(ISNUMBER(J5),ABS(J5-$B5)/$B5*100,"n/a"),"GT UNKNOWN") | S5: =IF(ISNUMBER($B5),IF(ISNUMBER(K5),ABS(K5-$B5)/$B5*100,"n/a"),"GT UNKNOWN") | T5: =IF(ISNUMBER($B5),IF(ISNUMBER(L5),ABS(L5-$B5)/$B5*100,"n/a"),"GT UNKNOWN") | U5: =IF(ISNUMBER($B5),IF(ISNUMBER(I5),IF(ABS(I5/$B5-1)<=0.03,"MATCH (within 3%)",IF(ABS(I5/$B5-2)<=0.06,"DOUBLE-TIME ERROR",IF(ABS(I5/$B5-0.5)<=0.03,"HALF-TIME ERROR","BPM ERROR"))),"n/a"),"GT UNKNOWN") | V5: =IF(ISNUMBER($B5),IF(ISNUMBER(J5),IF(ABS(J5/$B5-1)<=0.03,"MATCH (within 3%)",IF(ABS(J5/$B5-2)<=0.06,"DOUBLE-TIME ERROR",IF(ABS(J5/$B5-0.5)<=0.03,"HALF-TIME ERROR","BPM ERROR"))),"n/a"),"GT UNKNOWN") | W5: =IF(ISNUMBER($B5),IF(ISNUMBER(K5),IF(ABS(K5/$B5-1)<=0.03,"MATCH (within 3%)",IF(ABS(K5/$B5-2)<=0.06,"DOUBLE-TIME ERROR",IF(ABS(K5/$B5-0.5)<=0.03,"HALF-TIME ERROR","BPM ERROR"))),"n/a"),"GT UNKNOWN") | X5: =IF(ISNUMBER($B5),IF(ISNUMBER(L5),IF(ABS(L5/$B5-1)<=0.03,"MATCH (within 3%)",IF(ABS(L5/$B5-2)<=0.06,"DOUBLE-TIME ERROR",IF(ABS(L5/$B5-0.5)<=0.03,"HALF-TIME ERROR","BPM ERROR"))),"n/a"),"GT UNKNOWN") | Y5: 55 | Z5: 219.9 | AA5: MEDIUM | AB5: pulse support 3/6 methods; octave ambiguity possible - confirm by ear/metronome | AC5: 170 | AD5: 6.2 | AE5: ess_multifeature=108.4, ess_degara=113.4, lib_beat_track=110.0, tempogram=215.3, autocorr=53.8, ioi_hist=179.0
A6: TEST_005 | C6: UNKNOWN - awaiting metronome setting / tap | D6: NONE | G6: 129.2 | H6: 129.2 | I6: =IFERROR(IF(INDEX(SONG_LEVEL_TRUTH!$J$2:$J$200,MATCH($A6,SONG_LEVEL_TRUTH!$A$2:$A$200,0))="","",INDEX(SONG_LEVEL_TRUTH!$J$2:$J$200,MATCH($A6,SONG_LEVEL_TRUTH!$A$2:$A$200,0))),"") | J6: =IFERROR(IF(INDEX(SONG_LEVEL_TRUTH!$K$2:$K$200,MATCH($A6,SONG_LEVEL_TRUTH!$A$2:$A$200,0))="","",INDEX(SONG_LEVEL_TRUTH!$K$2:$K$200,MATCH($A6,SONG_LEVEL_TRUTH!$A$2:$A$200,0))),"") | K6: =IFERROR(IF(INDEX(SONG_LEVEL_TRUTH!$L$2:$L$200,MATCH($A6,SONG_LEVEL_TRUTH!$A$2:$A$200,0))="","",INDEX(SONG_LEVEL_TRUTH!$L$2:$L$200,MATCH($A6,SONG_LEVEL_TRUTH!$A$2:$A$200,0))),"") | L6: =IFERROR(IF(INDEX(SONG_LEVEL_TRUTH!$M$2:$M$200,MATCH($A6,SONG_LEVEL_TRUTH!$A$2:$A$200,0))="","",INDEX(SONG_LEVEL_TRUTH!$M$2:$M$200,MATCH($A6,SONG_LEVEL_TRUTH!$A$2:$A$200,0))),"") | M6: =IF(ISNUMBER($B6),IF(ISNUMBER(I6),ABS(I6-$B6),"n/a"),"GT UNKNOWN") | N6: =IF(ISNUMBER($B6),IF(ISNUMBER(J6),ABS(J6-$B6),"n/a"),"GT UNKNOWN") | O6: =IF(ISNUMBER($B6),IF(ISNUMBER(K6),ABS(K6-$B6),"n/a"),"GT UNKNOWN") | P6: =IF(ISNUMBER($B6),IF(ISNUMBER(L6),ABS(L6-$B6),"n/a"),"GT UNKNOWN") | Q6: =IF(ISNUMBER($B6),IF(ISNUMBER(I6),ABS(I6-$B6)/$B6*100,"n/a"),"GT UNKNOWN") | R6: =IF(ISNUMBER($B6),IF(ISNUMBER(J6),ABS(J6-$B6)/$B6*100,"n/a"),"GT UNKNOWN") | S6: =IF(ISNUMBER($B6),IF(ISNUMBER(K6),ABS(K6-$B6)/$B6*100,"n/a"),"GT UNKNOWN") | T6: =IF(ISNUMBER($B6),IF(ISNUMBER(L6),ABS(L6-$B6)/$B6*100,"n/a"),"GT UNKNOWN") | U6: =IF(ISNUMBER($B6),IF(ISNUMBER(I6),IF(ABS(I6/$B6-1)<=0.03,"MATCH (within 3%)",IF(ABS(I6/$B6-2)<=0.06,"DOUBLE-TIME ERROR",IF(ABS(I6/$B6-0.5)<=0.03,"HALF-TIME ERROR","BPM ERROR"))),"n/a"),"GT UNKNOWN") | V6: =IF(ISNUMBER($B6),IF(ISNUMBER(J6),IF(ABS(J6/$B6-1)<=0.03,"MATCH (within 3%)",IF(ABS(J6/$B6-2)<=0.06,"DOUBLE-TIME ERROR",IF(ABS(J6/$B6-0.5)<=0.03,"HALF-TIME ERROR","BPM ERROR"))),"n/a"),"GT UNKNOWN") | W6: =IF(ISNUMBER($B6),IF(ISNUMBER(K6),IF(ABS(K6/$B6-1)<=0.03,"MATCH (within 3%)",IF(ABS(K6/$B6-2)<=0.06,"DOUBLE-TIME ERROR",IF(ABS(K6/$B6-0.5)<=0.03,"HALF-TIME ERROR","BPM ERROR"))),"n/a"),"GT UNKNOWN") | X6: =IF(ISNUMBER($B6),IF(ISNUMBER(L6),IF(ABS(L6/$B6-1)<=0.03,"MATCH (within 3%)",IF(ABS(L6/$B6-2)<=0.06,"DOUBLE-TIME ERROR",IF(ABS(L6/$B6-0.5)<=0.03,"HALF-TIME ERROR","BPM ERROR"))),"n/a"),"GT UNKNOWN") | Y6: 64.6 | Z6: 258.4 | AA6: HIGH | AB6: pulse support 5/6 methods; octave ambiguity possible - confirm by ear/metronome | AC6: 66 | AD6: 3.7 | AE6: ess_multifeature=129.5, ess_degara=131.3, lib_beat_track=129.2, tempogram=129.2, autocorr=63.8, ioi_hist=133.0
A7: TEST_006 | C7: UNKNOWN - awaiting metronome setting / tap | D7: NONE | G7: 103.36 | H7: 105.2 | I7: =IFERROR(IF(INDEX(SONG_LEVEL_TRUTH!$J$2:$J$200,MATCH($A7,SONG_LEVEL_TRUTH!$A$2:$A$200,0))="","",INDEX(SONG_LEVEL_TRUTH!$J$2:$J$200,MATCH($A7,SONG_LEVEL_TRUTH!$A$2:$A$200,0))),"") | J7: =IFERROR(IF(INDEX(SONG_LEVEL_TRUTH!$K$2:$K$200,MATCH($A7,SONG_LEVEL_TRUTH!$A$2:$A$200,0))="","",INDEX(SONG_LEVEL_TRUTH!$K$2:$K$200,MATCH($A7,SONG_LEVEL_TRUTH!$A$2:$A$200,0))),"") | K7: =IFERROR(IF(INDEX(SONG_LEVEL_TRUTH!$L$2:$L$200,MATCH($A7,SONG_LEVEL_TRUTH!$A$2:$A$200,0))="","",INDEX(SONG_LEVEL_TRUTH!$L$2:$L$200,MATCH($A7,SONG_LEVEL_TRUTH!$A$2:$A$200,0))),"") | L7: =IFERROR(IF(INDEX(SONG_LEVEL_TRUTH!$M$2:$M$200,MATCH($A7,SONG_LEVEL_TRUTH!$A$2:$A$200,0))="","",INDEX(SONG_LEVEL_TRUTH!$M$2:$M$200,MATCH($A7,SONG_LEVEL_TRUTH!$A$2:$A$200,0))),"") | M7: =IF(ISNUMBER($B7),IF(ISNUMBER(I7),ABS(I7-$B7),"n/a"),"GT UNKNOWN") | N7: =IF(ISNUMBER($B7),IF(ISNUMBER(J7),ABS(J7-$B7),"n/a"),"GT UNKNOWN") | O7: =IF(ISNUMBER($B7),IF(ISNUMBER(K7),ABS(K7-$B7),"n/a"),"GT UNKNOWN") | P7: =IF(ISNUMBER($B7),IF(ISNUMBER(L7),ABS(L7-$B7),"n/a"),"GT UNKNOWN") | Q7: =IF(ISNUMBER($B7),IF(ISNUMBER(I7),ABS(I7-$B7)/$B7*100,"n/a"),"GT UNKNOWN") | R7: =IF(ISNUMBER($B7),IF(ISNUMBER(J7),ABS(J7-$B7)/$B7*100,"n/a"),"GT UNKNOWN") | S7: =IF(ISNUMBER($B7),IF(ISNUMBER(K7),ABS(K7-$B7)/$B7*100,"n/a"),"GT UNKNOWN") | T7: =IF(ISNUMBER($B7),IF(ISNUMBER(L7),ABS(L7-$B7)/$B7*100,"n/a"),"GT UNKNOWN") | U7: =IF(ISNUMBER($B7),IF(ISNUMBER(I7),IF(ABS(I7/$B7-1)<=0.03,"MATCH (within 3%)",IF(ABS(I7/$B7-2)<=0.06,"DOUBLE-TIME ERROR",IF(ABS(I7/$B7-0.5)<=0.03,"HALF-TIME ERROR","BPM ERROR"))),"n/a"),"GT UNKNOWN") | V7: =IF(ISNUMBER($B7),IF(ISNUMBER(J7),IF(ABS(J7/$B7-1)<=0.03,"MATCH (within 3%)",IF(ABS(J7/$B7-2)<=0.06,"DOUBLE-TIME ERROR",IF(ABS(J7/$B7-0.5)<=0.03,"HALF-TIME ERROR","BPM ERROR"))),"n/a"),"GT UNKNOWN") | W7: =IF(ISNUMBER($B7),IF(ISNUMBER(K7),IF(ABS(K7/$B7-1)<=0.03,"MATCH (within 3%)",IF(ABS(K7/$B7-2)<=0.06,"DOUBLE-TIME ERROR",IF(ABS(K7/$B7-0.5)<=0.03,"HALF-TIME ERROR","BPM ERROR"))),"n/a"),"GT UNKNOWN") | X7: =IF(ISNUMBER($B7),IF(ISNUMBER(L7),IF(ABS(L7/$B7-1)<=0.03,"MATCH (within 3%)",IF(ABS(L7/$B7-2)<=0.06,"DOUBLE-TIME ERROR",IF(ABS(L7/$B7-0.5)<=0.03,"HALF-TIME ERROR","BPM ERROR"))),"n/a"),"GT UNKNOWN") | Y7: 52.6 | Z7: 210.3 | AA7: HIGH | AB7: pulse support 5/6 methods; octave ambiguity possible - confirm by ear/metronome | AC7: 127 | AD7: 3 | AE7: ess_multifeature=104.5, ess_degara=105.2, lib_beat_track=105.5, tempogram=105.5, autocorr=105.5, ioi_hist=179.0
A8: TEST_007 | C8: UNKNOWN - awaiting metronome setting / tap | D8: NONE | G8: 118.8 | H8: 117 | I8: =IFERROR(IF(INDEX(SONG_LEVEL_TRUTH!$J$2:$J$200,MATCH($A8,SONG_LEVEL_TRUTH!$A$2:$A$200,0))="","",INDEX(SONG_LEVEL_TRUTH!$J$2:$J$200,MATCH($A8,SONG_LEVEL_TRUTH!$A$2:$A$200,0))),"") | J8: =IFERROR(IF(INDEX(SONG_LEVEL_TRUTH!$K$2:$K$200,MATCH($A8,SONG_LEVEL_TRUTH!$A$2:$A$200,0))="","",INDEX(SONG_LEVEL_TRUTH!$K$2:$K$200,MATCH($A8,SONG_LEVEL_TRUTH!$A$2:$A$200,0))),"") | K8: =IFERROR(IF(INDEX(SONG_LEVEL_TRUTH!$L$2:$L$200,MATCH($A8,SONG_LEVEL_TRUTH!$A$2:$A$200,0))="","",INDEX(SONG_LEVEL_TRUTH!$L$2:$L$200,MATCH($A8,SONG_LEVEL_TRUTH!$A$2:$A$200,0))),"") | L8: =IFERROR(IF(INDEX(SONG_LEVEL_TRUTH!$M$2:$M$200,MATCH($A8,SONG_LEVEL_TRUTH!$A$2:$A$200,0))="","",INDEX(SONG_LEVEL_TRUTH!$M$2:$M$200,MATCH($A8,SONG_LEVEL_TRUTH!$A$2:$A$200,0))),"") | M8: =IF(ISNUMBER($B8),IF(ISNUMBER(I8),ABS(I8-$B8),"n/a"),"GT UNKNOWN") | N8: =IF(ISNUMBER($B8),IF(ISNUMBER(J8),ABS(J8-$B8),"n/a"),"GT UNKNOWN") | O8: =IF(ISNUMBER($B8),IF(ISNUMBER(K8),ABS(K8-$B8),"n/a"),"GT UNKNOWN") | P8: =IF(ISNUMBER($B8),IF(ISNUMBER(L8),ABS(L8-$B8),"n/a"),"GT UNKNOWN") | Q8: =IF(ISNUMBER($B8),IF(ISNUMBER(I8),ABS(I8-$B8)/$B8*100,"n/a"),"GT UNKNOWN") | R8: =IF(ISNUMBER($B8),IF(ISNUMBER(J8),ABS(J8-$B8)/$B8*100,"n/a"),"GT UNKNOWN") | S8: =IF(ISNUMBER($B8),IF(ISNUMBER(K8),ABS(K8-$B8)/$B8*100,"n/a"),"GT UNKNOWN") | T8: =IF(ISNUMBER($B8),IF(ISNUMBER(L8),ABS(L8-$B8)/$B8*100,"n/a"),"GT UNKNOWN") | U8: =IF(ISNUMBER($B8),IF(ISNUMBER(I8),IF(ABS(I8/$B8-1)<=0.03,"MATCH (within 3%)",IF(ABS(I8/$B8-2)<=0.06,"DOUBLE-TIME ERROR",IF(ABS(I8/$B8-0.5)<=0.03,"HALF-TIME ERROR","BPM ERROR"))),"n/a"),"GT UNKNOWN") | V8: =IF(ISNUMBER($B8),IF(ISNUMBER(J8),IF(ABS(J8/$B8-1)<=0.03,"MATCH (within 3%)",IF(ABS(J8/$B8-2)<=0.06,"DOUBLE-TIME ERROR",IF(ABS(J8/$B8-0.5)<=0.03,"HALF-TIME ERROR","BPM ERROR"))),"n/a"),"GT UNKNOWN") | W8: =IF(ISNUMBER($B8),IF(ISNUMBER(K8),IF(ABS(K8/$B8-1)<=0.03,"MATCH (within 3%)",IF(ABS(K8/$B8-2)<=0.06,"DOUBLE-TIME ERROR",IF(ABS(K8/$B8-0.5)<=0.03,"HALF-TIME ERROR","BPM ERROR"))),"n/a"),"GT UNKNOWN") | X8: =IF(ISNUMBER($B8),IF(ISNUMBER(L8),IF(ABS(L8/$B8-1)<=0.03,"MATCH (within 3%)",IF(ABS(L8/$B8-2)<=0.06,"DOUBLE-TIME ERROR",IF(ABS(L8/$B8-0.5)<=0.03,"HALF-TIME ERROR","BPM ERROR"))),"n/a"),"GT UNKNOWN") | Y8: 58.5 | Z8: 234 | AA8: HIGH | AB8: pulse support 6/6 methods; octave ambiguity possible - confirm by ear/metronome | AC8: 63 | AD8: 3.4 | AE8: ess_multifeature=117.9, ess_degara=118.0, lib_beat_track=120.2, tempogram=120.2, autocorr=120.2, ioi_hist=117.0
A9: TEST_008 | C9: UNKNOWN - awaiting metronome setting / tap | D9: NONE | G9: 99.38 | H9: 99.5 | I9: =IFERROR(IF(INDEX(SONG_LEVEL_TRUTH!$J$2:$J$200,MATCH($A9,SONG_LEVEL_TRUTH!$A$2:$A$200,0))="","",INDEX(SONG_LEVEL_TRUTH!$J$2:$J$200,MATCH($A9,SONG_LEVEL_TRUTH!$A$2:$A$200,0))),"") | J9: =IFERROR(IF(INDEX(SONG_LEVEL_TRUTH!$K$2:$K$200,MATCH($A9,SONG_LEVEL_TRUTH!$A$2:$A$200,0))="","",INDEX(SONG_LEVEL_TRUTH!$K$2:$K$200,MATCH($A9,SONG_LEVEL_TRUTH!$A$2:$A$200,0))),"") | K9: =IFERROR(IF(INDEX(SONG_LEVEL_TRUTH!$L$2:$L$200,MATCH($A9,SONG_LEVEL_TRUTH!$A$2:$A$200,0))="","",INDEX(SONG_LEVEL_TRUTH!$L$2:$L$200,MATCH($A9,SONG_LEVEL_TRUTH!$A$2:$A$200,0))),"") | L9: =IFERROR(IF(INDEX(SONG_LEVEL_TRUTH!$M$2:$M$200,MATCH($A9,SONG_LEVEL_TRUTH!$A$2:$A$200,0))="","",INDEX(SONG_LEVEL_TRUTH!$M$2:$M$200,MATCH($A9,SONG_LEVEL_TRUTH!$A$2:$A$200,0))),"") | M9: =IF(ISNUMBER($B9),IF(ISNUMBER(I9),ABS(I9-$B9),"n/a"),"GT UNKNOWN") | N9: =IF(ISNUMBER($B9),IF(ISNUMBER(J9),ABS(J9-$B9),"n/a"),"GT UNKNOWN") | O9: =IF(ISNUMBER($B9),IF(ISNUMBER(K9),ABS(K9-$B9),"n/a"),"GT UNKNOWN") | P9: =IF(ISNUMBER($B9),IF(ISNUMBER(L9),ABS(L9-$B9),"n/a"),"GT UNKNOWN") | Q9: =IF(ISNUMBER($B9),IF(ISNUMBER(I9),ABS(I9-$B9)/$B9*100,"n/a"),"GT UNKNOWN") | R9: =IF(ISNUMBER($B9),IF(ISNUMBER(J9),ABS(J9-$B9)/$B9*100,"n/a"),"GT UNKNOWN") | S9: =IF(ISNUMBER($B9),IF(ISNUMBER(K9),ABS(K9-$B9)/$B9*100,"n/a"),"GT UNKNOWN") | T9: =IF(ISNUMBER($B9),IF(ISNUMBER(L9),ABS(L9-$B9)/$B9*100,"n/a"),"GT UNKNOWN") | U9: =IF(ISNUMBER($B9),IF(ISNUMBER(I9),IF(ABS(I9/$B9-1)<=0.03,"MATCH (within 3%)",IF(ABS(I9/$B9-2)<=0.06,"DOUBLE-TIME ERROR",IF(ABS(I9/$B9-0.5)<=0.03,"HALF-TIME ERROR","BPM ERROR"))),"n/a"),"GT UNKNOWN") | V9: =IF(ISNUMBER($B9),IF(ISNUMBER(J9),IF(ABS(J9/$B9-1)<=0.03,"MATCH (within 3%)",IF(ABS(J9/$B9-2)<=0.06,"DOUBLE-TIME ERROR",IF(ABS(J9/$B9-0.5)<=0.03,"HALF-TIME ERROR","BPM ERROR"))),"n/a"),"GT UNKNOWN") | W9: =IF(ISNUMBER($B9),IF(ISNUMBER(K9),IF(ABS(K9/$B9-1)<=0.03,"MATCH (within 3%)",IF(ABS(K9/$B9-2)<=0.06,"DOUBLE-TIME ERROR",IF(ABS(K9/$B9-0.5)<=0.03,"HALF-TIME ERROR","BPM ERROR"))),"n/a"),"GT UNKNOWN") | X9: =IF(ISNUMBER($B9),IF(ISNUMBER(L9),IF(ABS(L9/$B9-1)<=0.03,"MATCH (within 3%)",IF(ABS(L9/$B9-2)<=0.06,"DOUBLE-TIME ERROR",IF(ABS(L9/$B9-0.5)<=0.03,"HALF-TIME ERROR","BPM ERROR"))),"n/a"),"GT UNKNOWN") | Y9: 49.8 | Z9: 199 | AA9: MEDIUM | AB9: pulse support 3/6 methods; octave ambiguity possible - confirm by ear/metronome | AC9: 49 | AD9: 2.9 | AE9: ess_multifeature=98.8, ess_degara=98.9, lib_beat_track=99.4, tempogram=198.8, autocorr=198.8, ioi_hist=199.0
A10: TEST_009 | C10: UNKNOWN - awaiting metronome setting / tap | D10: NONE | G10: 103.36 | H10: 104.4 | I10: =IFERROR(IF(INDEX(SONG_LEVEL_TRUTH!$J$2:$J$200,MATCH($A10,SONG_LEVEL_TRUTH!$A$2:$A$200,0))="","",INDEX(SONG_LEVEL_TRUTH!$J$2:$J$200,MATCH($A10,SONG_LEVEL_TRUTH!$A$2:$A$200,0))),"") | J10: =IFERROR(IF(INDEX(SONG_LEVEL_TRUTH!$K$2:$K$200,MATCH($A10,SONG_LEVEL_TRUTH!$A$2:$A$200,0))="","",INDEX(SONG_LEVEL_TRUTH!$K$2:$K$200,MATCH($A10,SONG_LEVEL_TRUTH!$A$2:$A$200,0))),"") | K10: =IFERROR(IF(INDEX(SONG_LEVEL_TRUTH!$L$2:$L$200,MATCH($A10,SONG_LEVEL_TRUTH!$A$2:$A$200,0))="","",INDEX(SONG_LEVEL_TRUTH!$L$2:$L$200,MATCH($A10,SONG_LEVEL_TRUTH!$A$2:$A$200,0))),"") | L10: =IFERROR(IF(INDEX(SONG_LEVEL_TRUTH!$M$2:$M$200,MATCH($A10,SONG_LEVEL_TRUTH!$A$2:$A$200,0))="","",INDEX(SONG_LEVEL_TRUTH!$M$2:$M$200,MATCH($A10,SONG_LEVEL_TRUTH!$A$2:$A$200,0))),"") | M10: =IF(ISNUMBER($B10),IF(ISNUMBER(I10),ABS(I10-$B10),"n/a"),"GT UNKNOWN") | N10: =IF(ISNUMBER($B10),IF(ISNUMBER(J10),ABS(J10-$B10),"n/a"),"GT UNKNOWN") | O10: =IF(ISNUMBER($B10),IF(ISNUMBER(K10),ABS(K10-$B10),"n/a"),"GT UNKNOWN") | P10: =IF(ISNUMBER($B10),IF(ISNUMBER(L10),ABS(L10-$B10),"n/a"),"GT UNKNOWN") | Q10: =IF(ISNUMBER($B10),IF(ISNUMBER(I10),ABS(I10-$B10)/$B10*100,"n/a"),"GT UNKNOWN") | R10: =IF(ISNUMBER($B10),IF(ISNUMBER(J10),ABS(J10-$B10)/$B10*100,"n/a"),"GT UNKNOWN") | S10: =IF(ISNUMBER($B10),IF(ISNUMBER(K10),ABS(K10-$B10)/$B10*100,"n/a"),"GT UNKNOWN") | T10: =IF(ISNUMBER($B10),IF(ISNUMBER(L10),ABS(L10-$B10)/$B10*100,"n/a"),"GT UNKNOWN") | U10: =IF(ISNUMBER($B10),IF(ISNUMBER(I10),IF(ABS(I10/$B10-1)<=0.03,"MATCH (within 3%)",IF(ABS(I10/$B10-2)<=0.06,"DOUBLE-TIME ERROR",IF(ABS(I10/$B10-0.5)<=0.03,"HALF-TIME ERROR","BPM ERROR"))),"n/a"),"GT UNKNOWN") | V10: =IF(ISNUMBER($B10),IF(ISNUMBER(J10),IF(ABS(J10/$B10-1)<=0.03,"MATCH (within 3%)",IF(ABS(J10/$B10-2)<=0.06,"DOUBLE-TIME ERROR",IF(ABS(J10/$B10-0.5)<=0.03,"HALF-TIME ERROR","BPM ERROR"))),"n/a"),"GT UNKNOWN") | W10: =IF(ISNUMBER($B10),IF(ISNUMBER(K10),IF(ABS(K10/$B10-1)<=0.03,"MATCH (within 3%)",IF(ABS(K10/$B10-2)<=0.06,"DOUBLE-TIME ERROR",IF(ABS(K10/$B10-0.5)<=0.03,"HALF-TIME ERROR","BPM ERROR"))),"n/a"),"GT UNKNOWN") | X10: =IF(ISNUMBER($B10),IF(ISNUMBER(L10),IF(ABS(L10/$B10-1)<=0.03,"MATCH (within 3%)",IF(ABS(L10/$B10-2)<=0.06,"DOUBLE-TIME ERROR",IF(ABS(L10/$B10-0.5)<=0.03,"HALF-TIME ERROR","BPM ERROR"))),"n/a"),"GT UNKNOWN") | Y10: 52.2 | Z10: 208.8 | AA10: LOW | AB10: methods disagree (octave/tempo ambiguity); pulse support 2/6 methods; octave ambiguity possible - confirm by ear/metronome | AC10: 118 | AD10: 0 | AE10: ess_multifeature=104.0, ess_degara=104.0, lib_beat_track=139.7, tempogram=206.7, autocorr=52.2, ioi_hist=207.0
A11: TEST_010 | C11: UNKNOWN - awaiting metronome setting / tap | D11: NONE | G11: 112.35 | H11: 111.6 | I11: =IFERROR(IF(INDEX(SONG_LEVEL_TRUTH!$J$2:$J$200,MATCH($A11,SONG_LEVEL_TRUTH!$A$2:$A$200,0))="","",INDEX(SONG_LEVEL_TRUTH!$J$2:$J$200,MATCH($A11,SONG_LEVEL_TRUTH!$A$2:$A$200,0))),"") | J11: =IFERROR(IF(INDEX(SONG_LEVEL_TRUTH!$K$2:$K$200,MATCH($A11,SONG_LEVEL_TRUTH!$A$2:$A$200,0))="","",INDEX(SONG_LEVEL_TRUTH!$K$2:$K$200,MATCH($A11,SONG_LEVEL_TRUTH!$A$2:$A$200,0))),"") | K11: =IFERROR(IF(INDEX(SONG_LEVEL_TRUTH!$L$2:$L$200,MATCH($A11,SONG_LEVEL_TRUTH!$A$2:$A$200,0))="","",INDEX(SONG_LEVEL_TRUTH!$L$2:$L$200,MATCH($A11,SONG_LEVEL_TRUTH!$A$2:$A$200,0))),"") | L11: =IFERROR(IF(INDEX(SONG_LEVEL_TRUTH!$M$2:$M$200,MATCH($A11,SONG_LEVEL_TRUTH!$A$2:$A$200,0))="","",INDEX(SONG_LEVEL_TRUTH!$M$2:$M$200,MATCH($A11,SONG_LEVEL_TRUTH!$A$2:$A$200,0))),"") | M11: =IF(ISNUMBER($B11),IF(ISNUMBER(I11),ABS(I11-$B11),"n/a"),"GT UNKNOWN") | N11: =IF(ISNUMBER($B11),IF(ISNUMBER(J11),ABS(J11-$B11),"n/a"),"GT UNKNOWN") | O11: =IF(ISNUMBER($B11),IF(ISNUMBER(K11),ABS(K11-$B11),"n/a"),"GT UNKNOWN") | P11: =IF(ISNUMBER($B11),IF(ISNUMBER(L11),ABS(L11-$B11),"n/a"),"GT UNKNOWN") | Q11: =IF(ISNUMBER($B11),IF(ISNUMBER(I11),ABS(I11-$B11)/$B11*100,"n/a"),"GT UNKNOWN") | R11: =IF(ISNUMBER($B11),IF(ISNUMBER(J11),ABS(J11-$B11)/$B11*100,"n/a"),"GT UNKNOWN") | S11: =IF(ISNUMBER($B11),IF(ISNUMBER(K11),ABS(K11-$B11)/$B11*100,"n/a"),"GT UNKNOWN") | T11: =IF(ISNUMBER($B11),IF(ISNUMBER(L11),ABS(L11-$B11)/$B11*100,"n/a"),"GT UNKNOWN") | U11: =IF(ISNUMBER($B11),IF(ISNUMBER(I11),IF(ABS(I11/$B11-1)<=0.03,"MATCH (within 3%)",IF(ABS(I11/$B11-2)<=0.06,"DOUBLE-TIME ERROR",IF(ABS(I11/$B11-0.5)<=0.03,"HALF-TIME ERROR","BPM ERROR"))),"n/a"),"GT UNKNOWN") | V11: =IF(ISNUMBER($B11),IF(ISNUMBER(J11),IF(ABS(J11/$B11-1)<=0.03,"MATCH (within 3%)",IF(ABS(J11/$B11-2)<=0.06,"DOUBLE-TIME ERROR",IF(ABS(J11/$B11-0.5)<=0.03,"HALF-TIME ERROR","BPM ERROR"))),"n/a"),"GT UNKNOWN") | W11: =IF(ISNUMBER($B11),IF(ISNUMBER(K11),IF(ABS(K11/$B11-1)<=0.03,"MATCH (within 3%)",IF(ABS(K11/$B11-2)<=0.06,"DOUBLE-TIME ERROR",IF(ABS(K11/$B11-0.5)<=0.03,"HALF-TIME ERROR","BPM ERROR"))),"n/a"),"GT UNKNOWN") | X11: =IF(ISNUMBER($B11),IF(ISNUMBER(L11),IF(ABS(L11/$B11-1)<=0.03,"MATCH (within 3%)",IF(ABS(L11/$B11-2)<=0.06,"DOUBLE-TIME ERROR",IF(ABS(L11/$B11-0.5)<=0.03,"HALF-TIME ERROR","BPM ERROR"))),"n/a"),"GT UNKNOWN") | Y11: 55.8 | Z11: 223.3 | AA11: HIGH | AB11: pulse support 5/6 methods; octave ambiguity possible - confirm by ear/metronome | AC11: 143 | AD11: 3.2 | AE11: ess_multifeature=111.6, ess_degara=112.0, lib_beat_track=112.3, tempogram=112.3, autocorr=112.3, ioi_hist=173.0
A12: TEST_011 | C12: UNKNOWN - awaiting metronome setting / tap | D12: NONE | G12: 123.05 | H12: 121.6 | I12: =IFERROR(IF(INDEX(SONG_LEVEL_TRUTH!$J$2:$J$200,MATCH($A12,SONG_LEVEL_TRUTH!$A$2:$A$200,0))="","",INDEX(SONG_LEVEL_TRUTH!$J$2:$J$200,MATCH($A12,SONG_LEVEL_TRUTH!$A$2:$A$200,0))),"") | J12: =IFERROR(IF(INDEX(SONG_LEVEL_TRUTH!$K$2:$K$200,MATCH($A12,SONG_LEVEL_TRUTH!$A$2:$A$200,0))="","",INDEX(SONG_LEVEL_TRUTH!$K$2:$K$200,MATCH($A12,SONG_LEVEL_TRUTH!$A$2:$A$200,0))),"") | K12: =IFERROR(IF(INDEX(SONG_LEVEL_TRUTH!$L$2:$L$200,MATCH($A12,SONG_LEVEL_TRUTH!$A$2:$A$200,0))="","",INDEX(SONG_LEVEL_TRUTH!$L$2:$L$200,MATCH($A12,SONG_LEVEL_TRUTH!$A$2:$A$200,0))),"") | L12: =IFERROR(IF(INDEX(SONG_LEVEL_TRUTH!$M$2:$M$200,MATCH($A12,SONG_LEVEL_TRUTH!$A$2:$A$200,0))="","",INDEX(SONG_LEVEL_TRUTH!$M$2:$M$200,MATCH($A12,SONG_LEVEL_TRUTH!$A$2:$A$200,0))),"") | M12: =IF(ISNUMBER($B12),IF(ISNUMBER(I12),ABS(I12-$B12),"n/a"),"GT UNKNOWN") | N12: =IF(ISNUMBER($B12),IF(ISNUMBER(J12),ABS(J12-$B12),"n/a"),"GT UNKNOWN") | O12: =IF(ISNUMBER($B12),IF(ISNUMBER(K12),ABS(K12-$B12),"n/a"),"GT UNKNOWN") | P12: =IF(ISNUMBER($B12),IF(ISNUMBER(L12),ABS(L12-$B12),"n/a"),"GT UNKNOWN") | Q12: =IF(ISNUMBER($B12),IF(ISNUMBER(I12),ABS(I12-$B12)/$B12*100,"n/a"),"GT UNKNOWN") | R12: =IF(ISNUMBER($B12),IF(ISNUMBER(J12),ABS(J12-$B12)/$B12*100,"n/a"),"GT UNKNOWN") | S12: =IF(ISNUMBER($B12),IF(ISNUMBER(K12),ABS(K12-$B12)/$B12*100,"n/a"),"GT UNKNOWN") | T12: =IF(ISNUMBER($B12),IF(ISNUMBER(L12),ABS(L12-$B12)/$B12*100,"n/a"),"GT UNKNOWN") | U12: =IF(ISNUMBER($B12),IF(ISNUMBER(I12),IF(ABS(I12/$B12-1)<=0.03,"MATCH (within 3%)",IF(ABS(I12/$B12-2)<=0.06,"DOUBLE-TIME ERROR",IF(ABS(I12/$B12-0.5)<=0.03,"HALF-TIME ERROR","BPM ERROR"))),"n/a"),"GT UNKNOWN") | V12: =IF(ISNUMBER($B12),IF(ISNUMBER(J12),IF(ABS(J12/$B12-1)<=0.03,"MATCH (within 3%)",IF(ABS(J12/$B12-2)<=0.06,"DOUBLE-TIME ERROR",IF(ABS(J12/$B12-0.5)<=0.03,"HALF-TIME ERROR","BPM ERROR"))),"n/a"),"GT UNKNOWN") | W12: =IF(ISNUMBER($B12),IF(ISNUMBER(K12),IF(ABS(K12/$B12-1)<=0.03,"MATCH (within 3%)",IF(ABS(K12/$B12-2)<=0.06,"DOUBLE-TIME ERROR",IF(ABS(K12/$B12-0.5)<=0.03,"HALF-TIME ERROR","BPM ERROR"))),"n/a"),"GT UNKNOWN") | X12: =IF(ISNUMBER($B12),IF(ISNUMBER(L12),IF(ABS(L12/$B12-1)<=0.03,"MATCH (within 3%)",IF(ABS(L12/$B12-2)<=0.06,"DOUBLE-TIME ERROR",IF(ABS(L12/$B12-0.5)<=0.03,"HALF-TIME ERROR","BPM ERROR"))),"n/a"),"GT UNKNOWN") | Y12: 60.8 | Z12: 243.2 | AA12: HIGH | AB12: pulse support 4/6 methods; octave ambiguity possible - confirm by ear/metronome | AC12: 196 | AD12: 0 | AE12: ess_multifeature=122.1, ess_degara=122.1, lib_beat_track=123.0, tempogram=123.0, autocorr=60.8, ioi_hist=247.0
A13: TEST_012 | C13: UNKNOWN - awaiting metronome setting / tap | D13: NONE | G13: 117.45 | H13: 117.5 | I13: =IFERROR(IF(INDEX(SONG_LEVEL_TRUTH!$J$2:$J$200,MATCH($A13,SONG_LEVEL_TRUTH!$A$2:$A$200,0))="","",INDEX(SONG_LEVEL_TRUTH!$J$2:$J$200,MATCH($A13,SONG_LEVEL_TRUTH!$A$2:$A$200,0))),"") | J13: =IFERROR(IF(INDEX(SONG_LEVEL_TRUTH!$K$2:$K$200,MATCH($A13,SONG_LEVEL_TRUTH!$A$2:$A$200,0))="","",INDEX(SONG_LEVEL_TRUTH!$K$2:$K$200,MATCH($A13,SONG_LEVEL_TRUTH!$A$2:$A$200,0))),"") | K13: =IFERROR(IF(INDEX(SONG_LEVEL_TRUTH!$L$2:$L$200,MATCH($A13,SONG_LEVEL_TRUTH!$A$2:$A$200,0))="","",INDEX(SONG_LEVEL_TRUTH!$L$2:$L$200,MATCH($A13,SONG_LEVEL_TRUTH!$A$2:$A$200,0))),"") | L13: =IFERROR(IF(INDEX(SONG_LEVEL_TRUTH!$M$2:$M$200,MATCH($A13,SONG_LEVEL_TRUTH!$A$2:$A$200,0))="","",INDEX(SONG_LEVEL_TRUTH!$M$2:$M$200,MATCH($A13,SONG_LEVEL_TRUTH!$A$2:$A$200,0))),"") | M13: =IF(ISNUMBER($B13),IF(ISNUMBER(I13),ABS(I13-$B13),"n/a"),"GT UNKNOWN") | N13: =IF(ISNUMBER($B13),IF(ISNUMBER(J13),ABS(J13-$B13),"n/a"),"GT UNKNOWN") | O13: =IF(ISNUMBER($B13),IF(ISNUMBER(K13),ABS(K13-$B13),"n/a"),"GT UNKNOWN") | P13: =IF(ISNUMBER($B13),IF(ISNUMBER(L13),ABS(L13-$B13),"n/a"),"GT UNKNOWN") | Q13: =IF(ISNUMBER($B13),IF(ISNUMBER(I13),ABS(I13-$B13)/$B13*100,"n/a"),"GT UNKNOWN") | R13: =IF(ISNUMBER($B13),IF(ISNUMBER(J13),ABS(J13-$B13)/$B13*100,"n/a"),"GT UNKNOWN") | S13: =IF(ISNUMBER($B13),IF(ISNUMBER(K13),ABS(K13-$B13)/$B13*100,"n/a"),"GT UNKNOWN") | T13: =IF(ISNUMBER($B13),IF(ISNUMBER(L13),ABS(L13-$B13)/$B13*100,"n/a"),"GT UNKNOWN") | U13: =IF(ISNUMBER($B13),IF(ISNUMBER(I13),IF(ABS(I13/$B13-1)<=0.03,"MATCH (within 3%)",IF(ABS(I13/$B13-2)<=0.06,"DOUBLE-TIME ERROR",IF(ABS(I13/$B13-0.5)<=0.03,"HALF-TIME ERROR","BPM ERROR"))),"n/a"),"GT UNKNOWN") | V13: =IF(ISNUMBER($B13),IF(ISNUMBER(J13),IF(ABS(J13/$B13-1)<=0.03,"MATCH (within 3%)",IF(ABS(J13/$B13-2)<=0.06,"DOUBLE-TIME ERROR",IF(ABS(J13/$B13-0.5)<=0.03,"HALF-TIME ERROR","BPM ERROR"))),"n/a"),"GT UNKNOWN") | W13: =IF(ISNUMBER($B13),IF(ISNUMBER(K13),IF(ABS(K13/$B13-1)<=0.03,"MATCH (within 3%)",IF(ABS(K13/$B13-2)<=0.06,"DOUBLE-TIME ERROR",IF(ABS(K13/$B13-0.5)<=0.03,"HALF-TIME ERROR","BPM ERROR"))),"n/a"),"GT UNKNOWN") | X13: =IF(ISNUMBER($B13),IF(ISNUMBER(L13),IF(ABS(L13/$B13-1)<=0.03,"MATCH (within 3%)",IF(ABS(L13/$B13-2)<=0.06,"DOUBLE-TIME ERROR",IF(ABS(L13/$B13-0.5)<=0.03,"HALF-TIME ERROR","BPM ERROR"))),"n/a"),"GT UNKNOWN") | Y13: 58.7 | Z13: 234.9 | AA13: MEDIUM | AB13: pulse support 3/6 methods; octave ambiguity possible - confirm by ear/metronome | AC13: 79 | AD13: 3.4 | AE13: ess_multifeature=119.7, ess_degara=89.2, lib_beat_track=117.5, tempogram=184.6, autocorr=117.5, ioi_hist=191.0
... A21: TEST_020 | C21: UNKNOWN - awaiting metronome setting / tap | D21: NONE | G21: 109.96 | H21: 112.3 | I21: =IFERROR(IF(INDEX(SONG_LEVEL_TRUTH!$J$2:$J$200,MATCH($A21,SONG_LEVEL_TRUTH!$A$2:$A$200,0))="","",INDEX(SONG_LEVEL_TRUTH!$J$2:$J$200,MATCH($A21,SONG_LEVEL_TRUTH!$A$2:$A$200,0))),"") | J21: =IFERROR(IF(INDEX(SONG_LEVEL_TRUTH!$K$2:$K$200,MATCH($A21,SONG_LEVEL_TRUTH!$A$2:$A$200,0))="","",INDEX(SONG_LEVEL_TRUTH!$K$2:$K$200,MATCH($A21,SONG_LEVEL_TRUTH!$A$2:$A$200,0))),"") | K21: =IFERROR(IF(INDEX(SONG_LEVEL_TRUTH!$L$2:$L$200,MATCH($A21,SONG_LEVEL_TRUTH!$A$2:$A$200,0))="","",INDEX(SONG_LEVEL_TRUTH!$L$2:$L$200,MATCH($A21,SONG_LEVEL_TRUTH!$A$2:$A$200,0))),"") | L21: =IFERROR(IF(INDEX(SONG_LEVEL_TRUTH!$M$2:$M$200,MATCH($A21,SONG_LEVEL_TRUTH!$A$2:$A$200,0))="","",INDEX(SONG_LEVEL_TRUTH!$M$2:$M$200,MATCH($A21,SONG_LEVEL_TRUTH!$A$2:$A$200,0))),"") | M21: =IF(ISNUMBER($B21),IF(ISNUMBER(I21),ABS(I21-$B21),"n/a"),"GT UNKNOWN") | N21: =IF(ISNUMBER($B21),IF(ISNUMBER(J21),ABS(J21-$B21),"n/a"),"GT UNKNOWN") | O21: =IF(ISNUMBER($B21),IF(ISNUMBER(K21),ABS(K21-$B21),"n/a"),"GT UNKNOWN") | P21: =IF(ISNUMBER($B21),IF(ISNUMBER(L21),ABS(L21-$B21),"n/a"),"GT UNKNOWN") | Q21: =IF(ISNUMBER($B21),IF(ISNUMBER(I21),ABS(I21-$B21)/$B21*100,"n/a"),"GT UNKNOWN") | R21: =IF(ISNUMBER($B21),IF(ISNUMBER(J21),ABS(J21-$B21)/$B21*100,"n/a"),"GT UNKNOWN") | S21: =IF(ISNUMBER($B21),IF(ISNUMBER(K21),ABS(K21-$B21)/$B21*100,"n/a"),"GT UNKNOWN") | T21: =IF(ISNUMBER($B21),IF(ISNUMBER(L21),ABS(L21-$B21)/$B21*100,"n/a"),"GT UNKNOWN") | U21: =IF(ISNUMBER($B21),IF(ISNUMBER(I21),IF(ABS(I21/$B21-1)<=0.03,"MATCH (within 3%)",IF(ABS(I21/$B21-2)<=0.06,"DOUBLE-TIME ERROR",IF(ABS(I21/$B21-0.5)<=0.03,"HALF-TIME ERROR","BPM ERROR"))),"n/a"),"GT UNKNOWN") | V21: =IF(ISNUMBER($B21),IF(ISNUMBER(J21),IF(ABS(J21/$B21-1)<=0.03,"MATCH (within 3%)",IF(ABS(J21/$B21-2)<=0.06,"DOUBLE-TIME ERROR",IF(ABS(J21/$B21-0.5)<=0.03,"HALF-TIME ERROR","BPM ERROR"))),"n/a"),"GT UNKNOWN") | W21: =IF(ISNUMBER($B21),IF(ISNUMBER(K21),IF(ABS(K21/$B21-1)<=0.03,"MATCH (within 3%)",IF(ABS(K21/$B21-2)<=0.06,"DOUBLE-TIME ERROR",IF(ABS(K21/$B21-0.5)<=0.03,"HALF-TIME ERROR","BPM ERROR"))),"n/a"),"GT UNKNOWN") | X21: =IF(ISNUMBER($B21),IF(ISNUMBER(L21),IF(ABS(L21/$B21-1)<=0.03,"MATCH (within 3%)",IF(ABS(L21/$B21-2)<=0.06,"DOUBLE-TIME ERROR",IF(ABS(L21/$B21-0.5)<=0.03,"HALF-TIME ERROR","BPM ERROR"))),"n/a"),"GT UNKNOWN") | Y21: 56.2 | Z21: 224.7 | AA21: LOW | AB21: methods disagree (octave/tempo ambiguity); pulse support 2/6 methods; octave ambiguity possible - confirm by ear/metronome | AC21: 183 | AD21: 6.3 | AE21: ess_multifeature=113.7, ess_degara=105.7, lib_beat_track=112.3, tempogram=215.3, autocorr=53.8, ioi_hist=91.0

Sheet METER_TRUTH
A1: Test ID | B1: Time Signature Ground Truth | C1: Time Signature Ground Truth Method | D1: Metronome Time Signature | E1: Time Signature - Wilsify AI | F1: Time Signature - Chord AI | G1: Time Signature - Other Repo | H1: Time Signature - Claude | I1: Wilsify Correct? | J1: Chord AI Correct? | K1: Other Repo Correct? | L1: Claude Correct? | M1: Detected Beat Grouping | N1: Detected Subdivision | O1: Meter Confidence | P1: Meter Notes
A2: TEST_001 | C2: UNKNOWN - awaiting metronome setting / by ear | E2: =IFERROR(IF(INDEX(SONG_LEVEL_TRUTH!$O$2:$O$200,MATCH($A2,SONG_LEVEL_TRUTH!$A$2:$A$200,0))="","",INDEX(SONG_LEVEL_TRUTH!$O$2:$O$200,MATCH($A2,SONG_LEVEL_TRUTH!$A$2:$A$200,0))),"") | F2: =IFERROR(IF(INDEX(SONG_LEVEL_TRUTH!$P$2:$P$200,MATCH($A2,SONG_LEVEL_TRUTH!$A$2:$A$200,0))="","",INDEX(SONG_LEVEL_TRUTH!$P$2:$P$200,MATCH($A2,SONG_LEVEL_TRUTH!$A$2:$A$200,0))),"") | G2: =IFERROR(IF(INDEX(SONG_LEVEL_TRUTH!$Q$2:$Q$200,MATCH($A2,SONG_LEVEL_TRUTH!$A$2:$A$200,0))="","",INDEX(SONG_LEVEL_TRUTH!$Q$2:$Q$200,MATCH($A2,SONG_LEVEL_TRUTH!$A$2:$A$200,0))),"") | H2: =IFERROR(IF(INDEX(SONG_LEVEL_TRUTH!$R$2:$R$200,MATCH($A2,SONG_LEVEL_TRUTH!$A$2:$A$200,0))="","",INDEX(SONG_LEVEL_TRUTH!$R$2:$R$200,MATCH($A2,SONG_LEVEL_TRUTH!$A$2:$A$200,0))),"") | I2: =IF(OR($B2="",LEFT($B2,7)="UNKNOWN"),"GT UNKNOWN",IF(TRIM(E2)=TRIM($B2),"YES","NO")) | J2: =IF(OR($B2="",LEFT($B2,7)="UNKNOWN"),"GT UNKNOWN",IF(TRIM(F2)=TRIM($B2),"YES","NO")) | K2: =IF(OR($B2="",LEFT($B2,7)="UNKNOWN"),"GT UNKNOWN",IF(TRIM(G2)=TRIM($B2),"YES","NO")) | L2: =IF(OR($B2="",LEFT($B2,7)="UNKNOWN"),"GT UNKNOWN",IF(TRIM(H2)=TRIM($B2),"YES","NO")) | M2: 3 | N2: 2 | O2: MEDIUM | P2: accent period=3 beats (score 1.00, margin 0.46); triplet-vs-duple subdiv ratio 0.98; 61 beats | guitar-only: accent evidence is weak, treat as a hypothesis
A3: TEST_002 | C3: UNKNOWN - awaiting metronome setting / by ear | E3: =IFERROR(IF(INDEX(SONG_LEVEL_TRUTH!$O$2:$O$200,MATCH($A3,SONG_LEVEL_TRUTH!$A$2:$A$200,0))="","",INDEX(SONG_LEVEL_TRUTH!$O$2:$O$200,MATCH($A3,SONG_LEVEL_TRUTH!$A$2:$A$200,0))),"") | F3: =IFERROR(IF(INDEX(SONG_LEVEL_TRUTH!$P$2:$P$200,MATCH($A3,SONG_LEVEL_TRUTH!$A$2:$A$200,0))="","",INDEX(SONG_LEVEL_TRUTH!$P$2:$P$200,MATCH($A3,SONG_LEVEL_TRUTH!$A$2:$A$200,0))),"") | G3: =IFERROR(IF(INDEX(SONG_LEVEL_TRUTH!$Q$2:$Q$200,MATCH($A3,SONG_LEVEL_TRUTH!$A$2:$A$200,0))="","",INDEX(SONG_LEVEL_TRUTH!$Q$2:$Q$200,MATCH($A3,SONG_LEVEL_TRUTH!$A$2:$A$200,0))),"") | H3: =IFERROR(IF(INDEX(SONG_LEVEL_TRUTH!$R$2:$R$200,MATCH($A3,SONG_LEVEL_TRUTH!$A$2:$A$200,0))="","",INDEX(SONG_LEVEL_TRUTH!$R$2:$R$200,MATCH($A3,SONG_LEVEL_TRUTH!$A$2:$A$200,0))),"") | I3: =IF(OR($B3="",LEFT($B3,7)="UNKNOWN"),"GT UNKNOWN",IF(TRIM(E3)=TRIM($B3),"YES","NO")) | J3: =IF(OR($B3="",LEFT($B3,7)="UNKNOWN"),"GT UNKNOWN",IF(TRIM(F3)=TRIM($B3),"YES","NO")) | K3: =IF(OR($B3="",LEFT($B3,7)="UNKNOWN"),"GT UNKNOWN",IF(TRIM(G3)=TRIM($B3),"YES","NO")) | L3: =IF(OR($B3="",LEFT($B3,7)="UNKNOWN"),"GT UNKNOWN",IF(TRIM(H3)=TRIM($B3),"YES","NO")) | O3: LOW | P3: accent period=2 beats (score 0.09, margin 0.04); triplet-vs-duple subdiv ratio 1.00; 405 beats | guitar-only: accent evidence is weak, treat as a hypothesis
A4: TEST_003 | C4: UNKNOWN - awaiting metronome setting / by ear | E4: =IFERROR(IF(INDEX(SONG_LEVEL_TRUTH!$O$2:$O$200,MATCH($A4,SONG_LEVEL_TRUTH!$A$2:$A$200,0))="","",INDEX(SONG_LEVEL_TRUTH!$O$2:$O$200,MATCH($A4,SONG_LEVEL_TRUTH!$A$2:$A$200,0))),"") | F4: =IFERROR(IF(INDEX(SONG_LEVEL_TRUTH!$P$2:$P$200,MATCH($A4,SONG_LEVEL_TRUTH!$A$2:$A$200,0))="","",INDEX(SONG_LEVEL_TRUTH!$P$2:$P$200,MATCH($A4,SONG_LEVEL_TRUTH!$A$2:$A$200,0))),"") | G4: =IFERROR(IF(INDEX(SONG_LEVEL_TRUTH!$Q$2:$Q$200,MATCH($A4,SONG_LEVEL_TRUTH!$A$2:$A$200,0))="","",INDEX(SONG_LEVEL_TRUTH!$Q$2:$Q$200,MATCH($A4,SONG_LEVEL_TRUTH!$A$2:$A$200,0))),"") | H4: =IFERROR(IF(INDEX(SONG_LEVEL_TRUTH!$R$2:$R$200,MATCH($A4,SONG_LEVEL_TRUTH!$A$2:$A$200,0))="","",INDEX(SONG_LEVEL_TRUTH!$R$2:$R$200,MATCH($A4,SONG_LEVEL_TRUTH!$A$2:$A$200,0))),"") | I4: =IF(OR($B4="",LEFT($B4,7)="UNKNOWN"),"GT UNKNOWN",IF(TRIM(E4)=TRIM($B4),"YES","NO")) | J4: =IF(OR($B4="",LEFT($B4,7)="UNKNOWN"),"GT UNKNOWN",IF(TRIM(F4)=TRIM($B4),"YES","NO")) | K4: =IF(OR($B4="",LEFT($B4,7)="UNKNOWN"),"GT UNKNOWN",IF(TRIM(G4)=TRIM($B4),"YES","NO")) | L4: =IF(OR($B4="",LEFT($B4,7)="UNKNOWN"),"GT UNKNOWN",IF(TRIM(H4)=TRIM($B4),"YES","NO")) | M4: 4 | N4: 2 | O4: MEDIUM | P4: accent period=4 beats (score 0.62, margin 0.39); triplet-vs-duple subdiv ratio 0.99; 66 beats | guitar-only: accent evidence is weak, treat as a hypothesis
A5: TEST_004 | C5: UNKNOWN - awaiting metronome setting / by ear | E5: =IFERROR(IF(INDEX(SONG_LEVEL_TRUTH!$O$2:$O$200,MATCH($A5,SONG_LEVEL_TRUTH!$A$2:$A$200,0))="","",INDEX(SONG_LEVEL_TRUTH!$O$2:$O$200,MATCH($A5,SONG_LEVEL_TRUTH!$A$2:$A$200,0))),"") | F5: =IFERROR(IF(INDEX(SONG_LEVEL_TRUTH!$P$2:$P$200,MATCH($A5,SONG_LEVEL_TRUTH!$A$2:$A$200,0))="","",INDEX(SONG_LEVEL_TRUTH!$P$2:$P$200,MATCH($A5,SONG_LEVEL_TRUTH!$A$2:$A$200,0))),"") | G5: =IFERROR(IF(INDEX(SONG_LEVEL_TRUTH!$Q$2:$Q$200,MATCH($A5,SONG_LEVEL_TRUTH!$A$2:$A$200,0))="","",INDEX(SONG_LEVEL_TRUTH!$Q$2:$Q$200,MATCH($A5,SONG_LEVEL_TRUTH!$A$2:$A$200,0))),"") | H5: =IFERROR(IF(INDEX(SONG_LEVEL_TRUTH!$R$2:$R$200,MATCH($A5,SONG_LEVEL_TRUTH!$A$2:$A$200,0))="","",INDEX(SONG_LEVEL_TRUTH!$R$2:$R$200,MATCH($A5,SONG_LEVEL_TRUTH!$A$2:$A$200,0))),"") | I5: =IF(OR($B5="",LEFT($B5,7)="UNKNOWN"),"GT UNKNOWN",IF(TRIM(E5)=TRIM($B5),"YES","NO")) | J5: =IF(OR($B5="",LEFT($B5,7)="UNKNOWN"),"GT UNKNOWN",IF(TRIM(F5)=TRIM($B5),"YES","NO")) | K5: =IF(OR($B5="",LEFT($B5,7)="UNKNOWN"),"GT UNKNOWN",IF(TRIM(G5)=TRIM($B5),"YES","NO")) | L5: =IF(OR($B5="",LEFT($B5,7)="UNKNOWN"),"GT UNKNOWN",IF(TRIM(H5)=TRIM($B5),"YES","NO")) | M5: 2 | N5: 2 | O5: LOW | P5: accent period=2 beats (score 0.58, margin 0.20); triplet-vs-duple subdiv ratio 1.04; 171 beats | guitar-only: accent evidence is weak, treat as a hypothesis
A6: TEST_005 | C6: UNKNOWN - awaiting metronome setting / by ear | E6: =IFERROR(IF(INDEX(SONG_LEVEL_TRUTH!$O$2:$O$200,MATCH($A6,SONG_LEVEL_TRUTH!$A$2:$A$200,0))="","",INDEX(SONG_LEVEL_TRUTH!$O$2:$O$200,MATCH($A6,SONG_LEVEL_TRUTH!$A$2:$A$200,0))),"") | F6: =IFERROR(IF(INDEX(SONG_LEVEL_TRUTH!$P$2:$P$200,MATCH($A6,SONG_LEVEL_TRUTH!$A$2:$A$200,0))="","",INDEX(SONG_LEVEL_TRUTH!$P$2:$P$200,MATCH($A6,SONG_LEVEL_TRUTH!$A$2:$A$200,0))),"") | G6: =IFERROR(IF(INDEX(SONG_LEVEL_TRUTH!$Q$2:$Q$200,MATCH($A6,SONG_LEVEL_TRUTH!$A$2:$A$200,0))="","",INDEX(SONG_LEVEL_TRUTH!$Q$2:$Q$200,MATCH($A6,SONG_LEVEL_TRUTH!$A$2:$A$200,0))),"") | H6: =IFERROR(IF(INDEX(SONG_LEVEL_TRUTH!$R$2:$R$200,MATCH($A6,SONG_LEVEL_TRUTH!$A$2:$A$200,0))="","",INDEX(SONG_LEVEL_TRUTH!$R$2:$R$200,MATCH($A6,SONG_LEVEL_TRUTH!$A$2:$A$200,0))),"") | I6: =IF(OR($B6="",LEFT($B6,7)="UNKNOWN"),"GT UNKNOWN",IF(TRIM(E6)=TRIM($B6),"YES","NO")) | J6: =IF(OR($B6="",LEFT($B6,7)="UNKNOWN"),"GT UNKNOWN",IF(TRIM(F6)=TRIM($B6),"YES","NO")) | K6: =IF(OR($B6="",LEFT($B6,7)="UNKNOWN"),"GT UNKNOWN",IF(TRIM(G6)=TRIM($B6),"YES","NO")) | L6: =IF(OR($B6="",LEFT($B6,7)="UNKNOWN"),"GT UNKNOWN",IF(TRIM(H6)=TRIM($B6),"YES","NO")) | O6: LOW | P6: accent period=4 beats (score 0.87, margin 0.07); triplet-vs-duple subdiv ratio 0.59; 65 beats | guitar-only: accent evidence is weak, treat as a hypothesis
A7: TEST_006 | C7: UNKNOWN - awaiting metronome setting / by ear | E7: =IFERROR(IF(INDEX(SONG_LEVEL_TRUTH!$O$2:$O$200,MATCH($A7,SONG_LEVEL_TRUTH!$A$2:$A$200,0))="","",INDEX(SONG_LEVEL_TRUTH!$O$2:$O$200,MATCH($A7,SONG_LEVEL_TRUTH!$A$2:$A$200,0))),"") | F7: =IFERROR(IF(INDEX(SONG_LEVEL_TRUTH!$P$2:$P$200,MATCH($A7,SONG_LEVEL_TRUTH!$A$2:$A$200,0))="","",INDEX(SONG_LEVEL_TRUTH!$P$2:$P$200,MATCH($A7,SONG_LEVEL_TRUTH!$A$2:$A$200,0))),"") | G7: =IFERROR(IF(INDEX(SONG_LEVEL_TRUTH!$Q$2:$Q$200,MATCH($A7,SONG_LEVEL_TRUTH!$A$2:$A$200,0))="","",INDEX(SONG_LEVEL_TRUTH!$Q$2:$Q$200,MATCH($A7,SONG_LEVEL_TRUTH!$A$2:$A$200,0))),"") | H7: =IFERROR(IF(INDEX(SONG_LEVEL_TRUTH!$R$2:$R$200,MATCH($A7,SONG_LEVEL_TRUTH!$A$2:$A$200,0))="","",INDEX(SONG_LEVEL_TRUTH!$R$2:$R$200,MATCH($A7,SONG_LEVEL_TRUTH!$A$2:$A$200,0))),"") | I7: =IF(OR($B7="",LEFT($B7,7)="UNKNOWN"),"GT UNKNOWN",IF(TRIM(E7)=TRIM($B7),"YES","NO")) | J7: =IF(OR($B7="",LEFT($B7,7)="UNKNOWN"),"GT UNKNOWN",IF(TRIM(F7)=TRIM($B7),"YES","NO")) | K7: =IF(OR($B7="",LEFT($B7,7)="UNKNOWN"),"GT UNKNOWN",IF(TRIM(G7)=TRIM($B7),"YES","NO")) | L7: =IF(OR($B7="",LEFT($B7,7)="UNKNOWN"),"GT UNKNOWN",IF(TRIM(H7)=TRIM($B7),"YES","NO")) | M7: 4 | N7: 3 | O7: LOW | P7: accent period=4 beats (score 0.34, margin 0.21); triplet-vs-duple subdiv ratio 1.53; 125 beats | guitar-only: accent evidence is weak, treat as a hypothesis
A8: TEST_007 | C8: UNKNOWN - awaiting metronome setting / by ear | E8: =IFERROR(IF(INDEX(SONG_LEVEL_TRUTH!$O$2:$O$200,MATCH($A8,SONG_LEVEL_TRUTH!$A$2:$A$200,0))="","",INDEX(SONG_LEVEL_TRUTH!$O$2:$O$200,MATCH($A8,SONG_LEVEL_TRUTH!$A$2:$A$200,0))),"") | F8: =IFERROR(IF(INDEX(SONG_LEVEL_TRUTH!$P$2:$P$200,MATCH($A8,SONG_LEVEL_TRUTH!$A$2:$A$200,0))="","",INDEX(SONG_LEVEL_TRUTH!$P$2:$P$200,MATCH($A8,SONG_LEVEL_TRUTH!$A$2:$A$200,0))),"") | G8: =IFERROR(IF(INDEX(SONG_LEVEL_TRUTH!$Q$2:$Q$200,MATCH($A8,SONG_LEVEL_TRUTH!$A$2:$A$200,0))="","",INDEX(SONG_LEVEL_TRUTH!$Q$2:$Q$200,MATCH($A8,SONG_LEVEL_TRUTH!$A$2:$A$200,0))),"") | H8: =IFERROR(IF(INDEX(SONG_LEVEL_TRUTH!$R$2:$R$200,MATCH($A8,SONG_LEVEL_TRUTH!$A$2:$A$200,0))="","",INDEX(SONG_LEVEL_TRUTH!$R$2:$R$200,MATCH($A8,SONG_LEVEL_TRUTH!$A$2:$A$200,0))),"") | I8: =IF(OR($B8="",LEFT($B8,7)="UNKNOWN"),"GT UNKNOWN",IF(TRIM(E8)=TRIM($B8),"YES","NO")) | J8: =IF(OR($B8="",LEFT($B8,7)="UNKNOWN"),"GT UNKNOWN",IF(TRIM(F8)=TRIM($B8),"YES","NO")) | K8: =IF(OR($B8="",LEFT($B8,7)="UNKNOWN"),"GT UNKNOWN",IF(TRIM(G8)=TRIM($B8),"YES","NO")) | L8: =IF(OR($B8="",LEFT($B8,7)="UNKNOWN"),"GT UNKNOWN",IF(TRIM(H8)=TRIM($B8),"YES","NO")) | O8: LOW | P8: accent period=2 beats (score 0.44, margin 0.02); triplet-vs-duple subdiv ratio 1.55; 62 beats | guitar-only: accent evidence is weak, treat as a hypothesis
A9: TEST_008 | C9: UNKNOWN - awaiting metronome setting / by ear | E9: =IFERROR(IF(INDEX(SONG_LEVEL_TRUTH!$O$2:$O$200,MATCH($A9,SONG_LEVEL_TRUTH!$A$2:$A$200,0))="","",INDEX(SONG_LEVEL_TRUTH!$O$2:$O$200,MATCH($A9,SONG_LEVEL_TRUTH!$A$2:$A$200,0))),"") | F9: =IFERROR(IF(INDEX(SONG_LEVEL_TRUTH!$P$2:$P$200,MATCH($A9,SONG_LEVEL_TRUTH!$A$2:$A$200,0))="","",INDEX(SONG_LEVEL_TRUTH!$P$2:$P$200,MATCH($A9,SONG_LEVEL_TRUTH!$A$2:$A$200,0))),"") | G9: =IFERROR(IF(INDEX(SONG_LEVEL_TRUTH!$Q$2:$Q$200,MATCH($A9,SONG_LEVEL_TRUTH!$A$2:$A$200,0))="","",INDEX(SONG_LEVEL_TRUTH!$Q$2:$Q$200,MATCH($A9,SONG_LEVEL_TRUTH!$A$2:$A$200,0))),"") | H9: =IFERROR(IF(INDEX(SONG_LEVEL_TRUTH!$R$2:$R$200,MATCH($A9,SONG_LEVEL_TRUTH!$A$2:$A$200,0))="","",INDEX(SONG_LEVEL_TRUTH!$R$2:$R$200,MATCH($A9,SONG_LEVEL_TRUTH!$A$2:$A$200,0))),"") | I9: =IF(OR($B9="",LEFT($B9,7)="UNKNOWN"),"GT UNKNOWN",IF(TRIM(E9)=TRIM($B9),"YES","NO")) | J9: =IF(OR($B9="",LEFT($B9,7)="UNKNOWN"),"GT UNKNOWN",IF(TRIM(F9)=TRIM($B9),"YES","NO")) | K9: =IF(OR($B9="",LEFT($B9,7)="UNKNOWN"),"GT UNKNOWN",IF(TRIM(G9)=TRIM($B9),"YES","NO")) | L9: =IF(OR($B9="",LEFT($B9,7)="UNKNOWN"),"GT UNKNOWN",IF(TRIM(H9)=TRIM($B9),"YES","NO")) | M9: 2 | N9: 2 | O9: MEDIUM | P9: accent period=2 beats (score 1.44, margin 0.82); triplet-vs-duple subdiv ratio 0.49; 48 beats | guitar-only: accent evidence is weak, treat as a hypothesis
A10: TEST_009 | C10: UNKNOWN - awaiting metronome setting / by ear | E10: =IFERROR(IF(INDEX(SONG_LEVEL_TRUTH!$O$2:$O$200,MATCH($A10,SONG_LEVEL_TRUTH!$A$2:$A$200,0))="","",INDEX(SONG_LEVEL_TRUTH!$O$2:$O$200,MATCH($A10,SONG_LEVEL_TRUTH!$A$2:$A$200,0))),"") | F10: =IFERROR(IF(INDEX(SONG_LEVEL_TRUTH!$P$2:$P$200,MATCH($A10,SONG_LEVEL_TRUTH!$A$2:$A$200,0))="","",INDEX(SONG_LEVEL_TRUTH!$P$2:$P$200,MATCH($A10,SONG_LEVEL_TRUTH!$A$2:$A$200,0))),"") | G10: =IFERROR(IF(INDEX(SONG_LEVEL_TRUTH!$Q$2:$Q$200,MATCH($A10,SONG_LEVEL_TRUTH!$A$2:$A$200,0))="","",INDEX(SONG_LEVEL_TRUTH!$Q$2:$Q$200,MATCH($A10,SONG_LEVEL_TRUTH!$A$2:$A$200,0))),"") | H10: =IFERROR(IF(INDEX(SONG_LEVEL_TRUTH!$R$2:$R$200,MATCH($A10,SONG_LEVEL_TRUTH!$A$2:$A$200,0))="","",INDEX(SONG_LEVEL_TRUTH!$R$2:$R$200,MATCH($A10,SONG_LEVEL_TRUTH!$A$2:$A$200,0))),"") | I10: =IF(OR($B10="",LEFT($B10,7)="UNKNOWN"),"GT UNKNOWN",IF(TRIM(E10)=TRIM($B10),"YES","NO")) | J10: =IF(OR($B10="",LEFT($B10,7)="UNKNOWN"),"GT UNKNOWN",IF(TRIM(F10)=TRIM($B10),"YES","NO")) | K10: =IF(OR($B10="",LEFT($B10,7)="UNKNOWN"),"GT UNKNOWN",IF(TRIM(G10)=TRIM($B10),"YES","NO")) | L10: =IF(OR($B10="",LEFT($B10,7)="UNKNOWN"),"GT UNKNOWN",IF(TRIM(H10)=TRIM($B10),"YES","NO")) | M10: 4 | N10: 2 | O10: LOW | P10: accent period=4 beats (score 0.38, margin 0.09); triplet-vs-duple subdiv ratio 0.96; 116 beats | guitar-only: accent evidence is weak, treat as a hypothesis
A11: TEST_010 | C11: UNKNOWN - awaiting metronome setting / by ear | E11: =IFERROR(IF(INDEX(SONG_LEVEL_TRUTH!$O$2:$O$200,MATCH($A11,SONG_LEVEL_TRUTH!$A$2:$A$200,0))="","",INDEX(SONG_LEVEL_TRUTH!$O$2:$O$200,MATCH($A11,SONG_LEVEL_TRUTH!$A$2:$A$200,0))),"") | F11: =IFERROR(IF(INDEX(SONG_LEVEL_TRUTH!$P$2:$P$200,MATCH($A11,SONG_LEVEL_TRUTH!$A$2:$A$200,0))="","",INDEX(SONG_LEVEL_TRUTH!$P$2:$P$200,MATCH($A11,SONG_LEVEL_TRUTH!$A$2:$A$200,0))),"") | G11: =IFERROR(IF(INDEX(SONG_LEVEL_TRUTH!$Q$2:$Q$200,MATCH($A11,SONG_LEVEL_TRUTH!$A$2:$A$200,0))="","",INDEX(SONG_LEVEL_TRUTH!$Q$2:$Q$200,MATCH($A11,SONG_LEVEL_TRUTH!$A$2:$A$200,0))),"") | H11: =IFERROR(IF(INDEX(SONG_LEVEL_TRUTH!$R$2:$R$200,MATCH($A11,SONG_LEVEL_TRUTH!$A$2:$A$200,0))="","",INDEX(SONG_LEVEL_TRUTH!$R$2:$R$200,MATCH($A11,SONG_LEVEL_TRUTH!$A$2:$A$200,0))),"") | I11: =IF(OR($B11="",LEFT($B11,7)="UNKNOWN"),"GT UNKNOWN",IF(TRIM(E11)=TRIM($B11),"YES","NO")) | J11: =IF(OR($B11="",LEFT($B11,7)="UNKNOWN"),"GT UNKNOWN",IF(TRIM(F11)=TRIM($B11),"YES","NO")) | K11: =IF(OR($B11="",LEFT($B11,7)="UNKNOWN"),"GT UNKNOWN",IF(TRIM(G11)=TRIM($B11),"YES","NO")) | L11: =IF(OR($B11="",LEFT($B11,7)="UNKNOWN"),"GT UNKNOWN",IF(TRIM(H11)=TRIM($B11),"YES","NO")) | M11: 2 | N11: 3 | O11: MEDIUM | P11: accent period=2 beats (score 0.70, margin 0.55); triplet-vs-duple subdiv ratio 1.38; 142 beats | guitar-only: accent evidence is weak, treat as a hypothesis
A12: TEST_011 | C12: UNKNOWN - awaiting metronome setting / by ear | E12: =IFERROR(IF(INDEX(SONG_LEVEL_TRUTH!$O$2:$O$200,MATCH($A12,SONG_LEVEL_TRUTH!$A$2:$A$200,0))="","",INDEX(SONG_LEVEL_TRUTH!$O$2:$O$200,MATCH($A12,SONG_LEVEL_TRUTH!$A$2:$A$200,0))),"") | F12: =IFERROR(IF(INDEX(SONG_LEVEL_TRUTH!$P$2:$P$200,MATCH($A12,SONG_LEVEL_TRUTH!$A$2:$A$200,0))="","",INDEX(SONG_LEVEL_TRUTH!$P$2:$P$200,MATCH($A12,SONG_LEVEL_TRUTH!$A$2:$A$200,0))),"") | G12: =IFERROR(IF(INDEX(SONG_LEVEL_TRUTH!$Q$2:$Q$200,MATCH($A12,SONG_LEVEL_TRUTH!$A$2:$A$200,0))="","",INDEX(SONG_LEVEL_TRUTH!$Q$2:$Q$200,MATCH($A12,SONG_LEVEL_TRUTH!$A$2:$A$200,0))),"") | H12: =IFERROR(IF(INDEX(SONG_LEVEL_TRUTH!$R$2:$R$200,MATCH($A12,SONG_LEVEL_TRUTH!$A$2:$A$200,0))="","",INDEX(SONG_LEVEL_TRUTH!$R$2:$R$200,MATCH($A12,SONG_LEVEL_TRUTH!$A$2:$A$200,0))),"") | I12: =IF(OR($B12="",LEFT($B12,7)="UNKNOWN"),"GT UNKNOWN",IF(TRIM(E12)=TRIM($B12),"YES","NO")) | J12: =IF(OR($B12="",LEFT($B12,7)="UNKNOWN"),"GT UNKNOWN",IF(TRIM(F12)=TRIM($B12),"YES","NO")) | K12: =IF(OR($B12="",LEFT($B12,7)="UNKNOWN"),"GT UNKNOWN",IF(TRIM(G12)=TRIM($B12),"YES","NO")) | L12: =IF(OR($B12="",LEFT($B12,7)="UNKNOWN"),"GT UNKNOWN",IF(TRIM(H12)=TRIM($B12),"YES","NO")) | O12: LOW | P12: accent period=3 beats (score 0.13, margin 0.04); triplet-vs-duple subdiv ratio 0.91; 197 beats | guitar-only: accent evidence is weak, treat as a hypothesis
A13: TEST_012 | C13: UNKNOWN - awaiting metronome setting / by ear | E13: =IFERROR(IF(INDEX(SONG_LEVEL_TRUTH!$O$2:$O$200,MATCH($A13,SONG_LEVEL_TRUTH!$A$2:$A$200,0))="","",INDEX(SONG_LEVEL_TRUTH!$O$2:$O$200,MATCH($A13,SONG_LEVEL_TRUTH!$A$2:$A$200,0))),"") | F13: =IFERROR(IF(INDEX(SONG_LEVEL_TRUTH!$P$2:$P$200,MATCH($A13,SONG_LEVEL_TRUTH!$A$2:$A$200,0))="","",INDEX(SONG_LEVEL_TRUTH!$P$2:$P$200,MATCH($A13,SONG_LEVEL_TRUTH!$A$2:$A$200,0))),"") | G13: =IFERROR(IF(INDEX(SONG_LEVEL_TRUTH!$Q$2:$Q$200,MATCH($A13,SONG_LEVEL_TRUTH!$A$2:$A$200,0))="","",INDEX(SONG_LEVEL_TRUTH!$Q$2:$Q$200,MATCH($A13,SONG_LEVEL_TRUTH!$A$2:$A$200,0))),"") | H13: =IFERROR(IF(INDEX(SONG_LEVEL_TRUTH!$R$2:$R$200,MATCH($A13,SONG_LEVEL_TRUTH!$A$2:$A$200,0))="","",INDEX(SONG_LEVEL_TRUTH!$R$2:$R$200,MATCH($A13,SONG_LEVEL_TRUTH!$A$2:$A$200,0))),"") | I13: =IF(OR($B13="",LEFT($B13,7)="UNKNOWN"),"GT UNKNOWN",IF(TRIM(E13)=TRIM($B13),"YES","NO")) | J13: =IF(OR($B13="",LEFT($B13,7)="UNKNOWN"),"GT UNKNOWN",IF(TRIM(F13)=TRIM($B13),"YES","NO")) | K13: =IF(OR($B13="",LEFT($B13,7)="UNKNOWN"),"GT UNKNOWN",IF(TRIM(G13)=TRIM($B13),"YES","NO")) | L13: =IF(OR($B13="",LEFT($B13,7)="UNKNOWN"),"GT UNKNOWN",IF(TRIM(H13)=TRIM($B13),"YES","NO")) | O13: LOW | P13: accent period=4 beats (score 0.34, margin 0.02); triplet-vs-duple subdiv ratio 0.87; 78 beats | guitar-only: accent evidence is weak, treat as a hypothesis
A14: TEST_013 | C14: UNKNOWN - awaiting metronome setting / by ear | E14: =IFERROR(IF(INDEX(SONG_LEVEL_TRUTH!$O$2:$O$200,MATCH($A14,SONG_LEVEL_TRUTH!$A$2:$A$200,0))="","",INDEX(SONG_LEVEL_TRUTH!$O$2:$O$200,MATCH($A14,SONG_LEVEL_TRUTH!$A$2:$A$200,0))),"") | F14: =IFERROR(IF(INDEX(SONG_LEVEL_TRUTH!$P$2:$P$200,MATCH($A14,SONG_LEVEL_TRUTH!$A$2:$A$200,0))="","",INDEX(SONG_LEVEL_TRUTH!$P$2:$P$200,MATCH($A14,SONG_LEVEL_TRUTH!$A$2:$A$200,0))),"") | G14: =IFERROR(IF(INDEX(SONG_LEVEL_TRUTH!$Q$2:$Q$200,MATCH($A14,SONG_LEVEL_TRUTH!$A$2:$A$200,0))="","",INDEX(SONG_LEVEL_TRUTH!$Q$2:$Q$200,MATCH($A14,SONG_LEVEL_TRUTH!$A$2:$A$200,0))),"") | H14: =IFERROR(IF(INDEX(SONG_LEVEL_TRUTH!$R$2:$R$200,MATCH($A14,SONG_LEVEL_TRUTH!$A$2:$A$200,0))="","",INDEX(SONG_LEVEL_TRUTH!$R$2:$R$200,MATCH($A14,SONG_LEVEL_TRUTH!$A$2:$A$200,0))),"") | I14: =IF(OR($B14="",LEFT($B14,7)="UNKNOWN"),"GT UNKNOWN",IF(TRIM(E14)=TRIM($B14),"YES","NO")) | J14: =IF(OR($B14="",LEFT($B14,7)="UNKNOWN"),"GT UNKNOWN",IF(TRIM(F14)=TRIM($B14),"YES","NO")) | K14: =IF(OR($B14="",LEFT($B14,7)="UNKNOWN"),"GT UNKNOWN",IF(TRIM(G14)=TRIM($B14),"YES","NO")) | L14: =IF(OR($B14="",LEFT($B14,7)="UNKNOWN"),"GT UNKNOWN",IF(TRIM(H14)=TRIM($B14),"YES","NO")) | M14: 2 | N14: 2 | O14: MEDIUM | P14: accent period=2 beats (score 0.57, margin 0.35); triplet-vs-duple subdiv ratio 0.83; 133 beats | guitar-only: accent evidence is weak, treat as a hypothesis
A15: TEST_014 | C15: UNKNOWN - awaiting metronome setting / by ear | E15: =IFERROR(IF(INDEX(SONG_LEVEL_TRUTH!$O$2:$O$200,MATCH($A15,SONG_LEVEL_TRUTH!$A$2:$A$200,0))="","",INDEX(SONG_LEVEL_TRUTH!$O$2:$O$200,MATCH($A15,SONG_LEVEL_TRUTH!$A$2:$A$200,0))),"") | F15: =IFERROR(IF(INDEX(SONG_LEVEL_TRUTH!$P$2:$P$200,MATCH($A15,SONG_LEVEL_TRUTH!$A$2:$A$200,0))="","",INDEX(SONG_LEVEL_TRUTH!$P$2:$P$200,MATCH($A15,SONG_LEVEL_TRUTH!$A$2:$A$200,0))),"") | G15: =IFERROR(IF(INDEX(SONG_LEVEL_TRUTH!$Q$2:$Q$200,MATCH($A15,SONG_LEVEL_TRUTH!$A$2:$A$200,0))="","",INDEX(SONG_LEVEL_TRUTH!$Q$2:$Q$200,MATCH($A15,SONG_LEVEL_TRUTH!$A$2:$A$200,0))),"") | H15: =IFERROR(IF(INDEX(SONG_LEVEL_TRUTH!$R$2:$R$200,MATCH($A15,SONG_LEVEL_TRUTH!$A$2:$A$200,0))="","",INDEX(SONG_LEVEL_TRUTH!$R$2:$R$200,MATCH($A15,SONG_LEVEL_TRUTH!$A$2:$A$200,0))),"") | I15: =IF(OR($B15="",LEFT($B15,7)="UNKNOWN"),"GT UNKNOWN",IF(TRIM(E15)=TRIM($B15),"YES","NO")) | J15: =IF(OR($B15="",LEFT($B15,7)="UNKNOWN"),"GT UNKNOWN",IF(TRIM(F15)=TRIM($B15),"YES","NO")) | K15: =IF(OR($B15="",LEFT($B15,7)="UNKNOWN"),"GT UNKNOWN",IF(TRIM(G15)=TRIM($B15),"YES","NO")) | L15: =IF(OR($B15="",LEFT($B15,7)="UNKNOWN"),"GT UNKNOWN",IF(TRIM(H15)=TRIM($B15),"YES","NO")) | M15: 2 | N15: 2 | O15: MEDIUM | P15: accent period=2 beats (score 1.11, margin 0.48); triplet-vs-duple subdiv ratio 0.90; 70 beats | guitar-only: accent evidence is weak, treat as a hypothesis
A16: TEST_015 | C16: UNKNOWN - awaiting metronome setting / by ear | E16: =IFERROR(IF(INDEX(SONG_LEVEL_TRUTH!$O$2:$O$200,MATCH($A16,SONG_LEVEL_TRUTH!$A$2:$A$200,0))="","",INDEX(SONG_LEVEL_TRUTH!$O$2:$O$200,MATCH($A16,SONG_LEVEL_TRUTH!$A$2:$A$200,0))),"") | F16: =IFERROR(IF(INDEX(SONG_LEVEL_TRUTH!$P$2:$P$200,MATCH($A16,SONG_LEVEL_TRUTH!$A$2:$A$200,0))="","",INDEX(SONG_LEVEL_TRUTH!$P$2:$P$200,MATCH($A16,SONG_LEVEL_TRUTH!$A$2:$A$200,0))),"") | G16: =IFERROR(IF(INDEX(SONG_LEVEL_TRUTH!$Q$2:$Q$200,MATCH($A16,SONG_LEVEL_TRUTH!$A$2:$A$200,0))="","",INDEX(SONG_LEVEL_TRUTH!$Q$2:$Q$200,MATCH($A16,SONG_LEVEL_TRUTH!$A$2:$A$200,0))),"") | H16: =IFERROR(IF(INDEX(SONG_LEVEL_TRUTH!$R$2:$R$200,MATCH($A16,SONG_LEVEL_TRUTH!$A$2:$A$200,0))="","",INDEX(SONG_LEVEL_TRUTH!$R$2:$R$200,MATCH($A16,SONG_LEVEL_TRUTH!$A$2:$A$200,0))),"") | I16: =IF(OR($B16="",LEFT($B16,7)="UNKNOWN"),"GT UNKNOWN",IF(TRIM(E16)=TRIM($B16),"YES","NO")) | J16: =IF(OR($B16="",LEFT($B16,7)="UNKNOWN"),"GT UNKNOWN",IF(TRIM(F16)=TRIM($B16),"YES","NO")) | K16: =IF(OR($B16="",LEFT($B16,7)="UNKNOWN"),"GT UNKNOWN",IF(TRIM(G16)=TRIM($B16),"YES","NO")) | L16: =IF(OR($B16="",LEFT($B16,7)="UNKNOWN"),"GT UNKNOWN",IF(TRIM(H16)=TRIM($B16),"YES","NO")) | O16: LOW | P16: accent period=2 beats (score 0.57, margin 0.06); triplet-vs-duple subdiv ratio 0.68; 52 beats | guitar-only: accent evidence is weak, treat as a hypothesis
A17: TEST_016 | C17: UNKNOWN - awaiting metronome setting / by ear | E17: =IFERROR(IF(INDEX(SONG_LEVEL_TRUTH!$O$2:$O$200,MATCH($A17,SONG_LEVEL_TRUTH!$A$2:$A$200,0))="","",INDEX(SONG_LEVEL_TRUTH!$O$2:$O$200,MATCH($A17,SONG_LEVEL_TRUTH!$A$2:$A$200,0))),"") | F17: =IFERROR(IF(INDEX(SONG_LEVEL_TRUTH!$P$2:$P$200,MATCH($A17,SONG_LEVEL_TRUTH!$A$2:$A$200,0))="","",INDEX(SONG_LEVEL_TRUTH!$P$2:$P$200,MATCH($A17,SONG_LEVEL_TRUTH!$A$2:$A$200,0))),"") | G17: =IFERROR(IF(INDEX(SONG_LEVEL_TRUTH!$Q$2:$Q$200,MATCH($A17,SONG_LEVEL_TRUTH!$A$2:$A$200,0))="","",INDEX(SONG_LEVEL_TRUTH!$Q$2:$Q$200,MATCH($A17,SONG_LEVEL_TRUTH!$A$2:$A$200,0))),"") | H17: =IFERROR(IF(INDEX(SONG_LEVEL_TRUTH!$R$2:$R$200,MATCH($A17,SONG_LEVEL_TRUTH!$A$2:$A$200,0))="","",INDEX(SONG_LEVEL_TRUTH!$R$2:$R$200,MATCH($A17,SONG_LEVEL_TRUTH!$A$2:$A$200,0))),"") | I17: =IF(OR($B17="",LEFT($B17,7)="UNKNOWN"),"GT UNKNOWN",IF(TRIM(E17)=TRIM($B17),"YES","NO")) | J17: =IF(OR($B17="",LEFT($B17,7)="UNKNOWN"),"GT UNKNOWN",IF(TRIM(F17)=TRIM($B17),"YES","NO")) | K17: =IF(OR($B17="",LEFT($B17,7)="UNKNOWN"),"GT UNKNOWN",IF(TRIM(G17)=TRIM($B17),"YES","NO")) | L17: =IF(OR($B17="",LEFT($B17,7)="UNKNOWN"),"GT UNKNOWN",IF(TRIM(H17)=TRIM($B17),"YES","NO")) | M17: 4 | N17: 2 | O17: MEDIUM | P17: accent period=4 beats (score 1.03, margin 0.90); triplet-vs-duple subdiv ratio 0.98; 151 beats | guitar-only: accent evidence is weak, treat as a hypothesis
A18: TEST_017 | C18: UNKNOWN - awaiting metronome setting / by ear | E18: =IFERROR(IF(INDEX(SONG_LEVEL_TRUTH!$O$2:$O$200,MATCH($A18,SONG_LEVEL_TRUTH!$A$2:$A$200,0))="","",INDEX(SONG_LEVEL_TRUTH!$O$2:$O$200,MATCH($A18,SONG_LEVEL_TRUTH!$A$2:$A$200,0))),"") | F18: =IFERROR(IF(INDEX(SONG_LEVEL_TRUTH!$P$2:$P$200,MATCH($A18,SONG_LEVEL_TRUTH!$A$2:$A$200,0))="","",INDEX(SONG_LEVEL_TRUTH!$P$2:$P$200,MATCH($A18,SONG_LEVEL_TRUTH!$A$2:$A$200,0))),"") | G18: =IFERROR(IF(INDEX(SONG_LEVEL_TRUTH!$Q$2:$Q$200,MATCH($A18,SONG_LEVEL_TRUTH!$A$2:$A$200,0))="","",INDEX(SONG_LEVEL_TRUTH!$Q$2:$Q$200,MATCH($A18,SONG_LEVEL_TRUTH!$A$2:$A$200,0))),"") | H18: =IFERROR(IF(INDEX(SONG_LEVEL_TRUTH!$R$2:$R$200,MATCH($A18,SONG_LEVEL_TRUTH!$A$2:$A$200,0))="","",INDEX(SONG_LEVEL_TRUTH!$R$2:$R$200,MATCH($A18,SONG_LEVEL_TRUTH!$A$2:$A$200,0))),"") | I18: =IF(OR($B18="",LEFT($B18,7)="UNKNOWN"),"GT UNKNOWN",IF(TRIM(E18)=TRIM($B18),"YES","NO")) | J18: =IF(OR($B18="",LEFT($B18,7)="UNKNOWN"),"GT UNKNOWN",IF(TRIM(F18)=TRIM($B18),"YES","NO")) | K18: =IF(OR($B18="",LEFT($B18,7)="UNKNOWN"),"GT UNKNOWN",IF(TRIM(G18)=TRIM($B18),"YES","NO")) | L18: =IF(OR($B18="",LEFT($B18,7)="UNKNOWN"),"GT UNKNOWN",IF(TRIM(H18)=TRIM($B18),"YES","NO")) | M18: 3 | N18: 2 | O18: LOW | P18: accent period=3 beats (score 0.44, margin 0.22); triplet-vs-duple subdiv ratio 1.00; 240 beats | guitar-only: accent evidence is weak, treat as a hypothesis
A19: TEST_018 | C19: UNKNOWN - awaiting metronome setting / by ear | E19: =IFERROR(IF(INDEX(SONG_LEVEL_TRUTH!$O$2:$O$200,MATCH($A19,SONG_LEVEL_TRUTH!$A$2:$A$200,0))="","",INDEX(SONG_LEVEL_TRUTH!$O$2:$O$200,MATCH($A19,SONG_LEVEL_TRUTH!$A$2:$A$200,0))),"") | F19: =IFERROR(IF(INDEX(SONG_LEVEL_TRUTH!$P$2:$P$200,MATCH($A19,SONG_LEVEL_TRUTH!$A$2:$A$200,0))="","",INDEX(SONG_LEVEL_TRUTH!$P$2:$P$200,MATCH($A19,SONG_LEVEL_TRUTH!$A$2:$A$200,0))),"") | G19: =IFERROR(IF(INDEX(SONG_LEVEL_TRUTH!$Q$2:$Q$200,MATCH($A19,SONG_LEVEL_TRUTH!$A$2:$A$200,0))="","",INDEX(SONG_LEVEL_TRUTH!$Q$2:$Q$200,MATCH($A19,SONG_LEVEL_TRUTH!$A$2:$A$200,0))),"") | H19: =IFERROR(IF(INDEX(SONG_LEVEL_TRUTH!$R$2:$R$200,MATCH($A19,SONG_LEVEL_TRUTH!$A$2:$A$200,0))="","",INDEX(SONG_LEVEL_TRUTH!$R$2:$R$200,MATCH($A19,SONG_LEVEL_TRUTH!$A$2:$A$200,0))),"") | I19: =IF(OR($B19="",LEFT($B19,7)="UNKNOWN"),"GT UNKNOWN",IF(TRIM(E19)=TRIM($B19),"YES","NO")) | J19: =IF(OR($B19="",LEFT($B19,7)="UNKNOWN"),"GT UNKNOWN",IF(TRIM(F19)=TRIM($B19),"YES","NO")) | K19: =IF(OR($B19="",LEFT($B19,7)="UNKNOWN"),"GT UNKNOWN",IF(TRIM(G19)=TRIM($B19),"YES","NO")) | L19: =IF(OR($B19="",LEFT($B19,7)="UNKNOWN"),"GT UNKNOWN",IF(TRIM(H19)=TRIM($B19),"YES","NO")) | M19: 4 | N19: 2 | O19: LOW | P19: accent period=4 beats (score 0.41, margin 0.23); triplet-vs-duple subdiv ratio 0.84; 146 beats | guitar-only: accent evidence is weak, treat as a hypothesis
A20: TEST_019 | C20: UNKNOWN - awaiting metronome setting / by ear | E20: =IFERROR(IF(INDEX(SONG_LEVEL_TRUTH!$O$2:$O$200,MATCH($A20,SONG_LEVEL_TRUTH!$A$2:$A$200,0))="","",INDEX(SONG_LEVEL_TRUTH!$O$2:$O$200,MATCH($A20,SONG_LEVEL_TRUTH!$A$2:$A$200,0))),"") | F20: =IFERROR(IF(INDEX(SONG_LEVEL_TRUTH!$P$2:$P$200,MATCH($A20,SONG_LEVEL_TRUTH!$A$2:$A$200,0))="","",INDEX(SONG_LEVEL_TRUTH!$P$2:$P$200,MATCH($A20,SONG_LEVEL_TRUTH!$A$2:$A$200,0))),"") | G20: =IFERROR(IF(INDEX(SONG_LEVEL_TRUTH!$Q$2:$Q$200,MATCH($A20,SONG_LEVEL_TRUTH!$A$2:$A$200,0))="","",INDEX(SONG_LEVEL_TRUTH!$Q$2:$Q$200,MATCH($A20,SONG_LEVEL_TRUTH!$A$2:$A$200,0))),"") | H20: =IFERROR(IF(INDEX(SONG_LEVEL_TRUTH!$R$2:$R$200,MATCH($A20,SONG_LEVEL_TRUTH!$A$2:$A$200,0))="","",INDEX(SONG_LEVEL_TRUTH!$R$2:$R$200,MATCH($A20,SONG_LEVEL_TRUTH!$A$2:$A$200,0))),"") | I20: =IF(OR($B20="",LEFT($B20,7)="UNKNOWN"),"GT UNKNOWN",IF(TRIM(E20)=TRIM($B20),"YES","NO")) | J20: =IF(OR($B20="",LEFT($B20,7)="UNKNOWN"),"GT UNKNOWN",IF(TRIM(F20)=TRIM($B20),"YES","NO")) | K20: =IF(OR($B20="",LEFT($B20,7)="UNKNOWN"),"GT UNKNOWN",IF(TRIM(G20)=TRIM($B20),"YES","NO")) | L20: =IF(OR($B20="",LEFT($B20,7)="UNKNOWN"),"GT UNKNOWN",IF(TRIM(H20)=TRIM($B20),"YES","NO")) | M20: 3 | N20: 3 | O20: LOW | P20: accent period=3 beats (score 0.53, margin 0.19); triplet-vs-duple subdiv ratio 1.38; 165 beats | guitar-only: accent evidence is weak, treat as a hypothesis
A21: TEST_020 | C21: UNKNOWN - awaiting metronome setting / by ear | E21: =IFERROR(IF(INDEX(SONG_LEVEL_TRUTH!$O$2:$O$200,MATCH($A21,SONG_LEVEL_TRUTH!$A$2:$A$200,0))="","",INDEX(SONG_LEVEL_TRUTH!$O$2:$O$200,MATCH($A21,SONG_LEVEL_TRUTH!$A$2:$A$200,0))),"") | F21: =IFERROR(IF(INDEX(SONG_LEVEL_TRUTH!$P$2:$P$200,MATCH($A21,SONG_LEVEL_TRUTH!$A$2:$A$200,0))="","",INDEX(SONG_LEVEL_TRUTH!$P$2:$P$200,MATCH($A21,SONG_LEVEL_TRUTH!$A$2:$A$200,0))),"") | G21: =IFERROR(IF(INDEX(SONG_LEVEL_TRUTH!$Q$2:$Q$200,MATCH($A21,SONG_LEVEL_TRUTH!$A$2:$A$200,0))="","",INDEX(SONG_LEVEL_TRUTH!$Q$2:$Q$200,MATCH($A21,SONG_LEVEL_TRUTH!$A$2:$A$200,0))),"") | H21: =IFERROR(IF(INDEX(SONG_LEVEL_TRUTH!$R$2:$R$200,MATCH($A21,SONG_LEVEL_TRUTH!$A$2:$A$200,0))="","",INDEX(SONG_LEVEL_TRUTH!$R$2:$R$200,MATCH($A21,SONG_LEVEL_TRUTH!$A$2:$A$200,0))),"") | I21: =IF(OR($B21="",LEFT($B21,7)="UNKNOWN"),"GT UNKNOWN",IF(TRIM(E21)=TRIM($B21),"YES","NO")) | J21: =IF(OR($B21="",LEFT($B21,7)="UNKNOWN"),"GT UNKNOWN",IF(TRIM(F21)=TRIM($B21),"YES","NO")) | K21: =IF(OR($B21="",LEFT($B21,7)="UNKNOWN"),"GT UNKNOWN",IF(TRIM(G21)=TRIM($B21),"YES","NO")) | L21: =IF(OR($B21="",LEFT($B21,7)="UNKNOWN"),"GT UNKNOWN",IF(TRIM(H21)=TRIM($B21),"YES","NO")) | O21: LOW | P21: accent period=4 beats (score 0.28, margin 0.04); triplet-vs-duple subdiv ratio 1.05; 182 beats | guitar-only: accent evidence is weak, treat as a hypothesis

Sheet CHORD_TIMELINE
A1: Test ID | B1: Source | C1: Segment Number | D1: Start Time (seconds) | E1: End Time (seconds) | F1: Raw Chord | G1: Normalized Chord | H1: Confidence | I1: Notes
A2: TEST_001 | B2: WILSIFY_AI | C2: 1 | F2: B | I2: Old 'Wilsify said' output: order only, no timestamps (list is the first chords only).
A3: TEST_001 | B3: WILSIFY_AI | C3: 2 | F3: G#m
A4: TEST_001 | B4: WILSIFY_AI | C4: 3 | F4: B
A5: TEST_001 | B5: WILSIFY_AI | C5: 4 | F5: C#7
A6: TEST_001 | B6: WILSIFY_AI | C6: 5 | F6: F#
A7: TEST_001 | B7: WILSIFY_AI | C7: 6 | F7: C#7
A8: TEST_001 | B8: WILSIFY_AI | C8: 7 | F8: B
A9: TEST_001 | B9: WILSIFY_AI | C9: 8 | F9: F#
A10: TEST_001 | B10: WILSIFY_AI | C10: 9 | F10: G#m
A11: TEST_001 | B11: WILSIFY_AI | C11: 10 | F11: C#7
A12: TEST_001 | B12: WILSIFY_AI | C12: 11 | F12: F#
A13: TEST_001 | B13: WILSIFY_AI | C13: 12 | F13: A#m
A14: TEST_002 | B14: WILSIFY_AI | C14: 1 | F14: G | I14: Old 'Wilsify said' output: order only, no timestamps (list is the first chords only).
A15: TEST_002 | B15: WILSIFY_AI | C15: 2 | F15: Bm7
A16: TEST_002 | B16: WILSIFY_AI | C16: 3 | F16: G
A17: TEST_002 | B17: WILSIFY_AI | C17: 4 | F17: A
A18: TEST_002 | B18: WILSIFY_AI | C18: 5 | F18: G
A19: TEST_002 | B19: WILSIFY_AI | C19: 6 | F19: D
A20: TEST_002 | B20: WILSIFY_AI | C20: 7 | F20: G
A21: TEST_002 | B21: WILSIFY_AI | C21: 8 | F21: Bm
A22: TEST_002 | B22: WILSIFY_AI | C22: 9 | F22: F#m7
A23: TEST_002 | B23: WILSIFY_AI | C23: 10 | F23: Em
A24: TEST_002 | B24: WILSIFY_AI | C24: 11 | F24: G
A25: TEST_002 | B25: WILSIFY_AI | C25: 12 | F25: A
A26: TEST_003 | B26: WILSIFY_AI | C26: 1 | F26: F | I26: Old 'Wilsify said' output: order only, no timestamps (list is the first chords only).
A27: TEST_003 | B27: WILSIFY_AI | C27: 2 | F27: F7
A28: TEST_003 | B28: WILSIFY_AI | C28: 3 | F28: D#
A29: TEST_003 | B29: WILSIFY_AI | C29: 4 | F29: Gm7
A30: TEST_003 | B30: WILSIFY_AI | C30: 5 | F30: A#
A31: TEST_003 | B31: WILSIFY_AI | C31: 6 | F31: Dm
A32: TEST_003 | B32: WILSIFY_AI | C32: 7 | F32: Gm
A33: TEST_003 | B33: WILSIFY_AI | C33: 8 | F33: D#
A34: TEST_003 | B34: WILSIFY_AI | C34: 9 | F34: Gm7
A35: TEST_003 | B35: WILSIFY_AI | C35: 10 | F35: D#
A36: TEST_003 | B36: WILSIFY_AI | C36: 11 | F36: A#
A37: TEST_003 | B37: WILSIFY_AI | C37: 12 | F37: Dm
A38: TEST_004 | B38: WILSIFY_AI | C38: 1 | F38: E | I38: Old 'Wilsify said' output: order only, no timestamps (list is the first chords only).
A39: TEST_004 | B39: WILSIFY_AI | C39: 2 | F39: A
A40: TEST_004 | B40: WILSIFY_AI | C40: 3 | F40: F#m7
A41: TEST_004 | B41: WILSIFY_AI | C41: 4 | F41: E
A42: TEST_004 | B42: WILSIFY_AI | C42: 5 | F42: A
A43: TEST_004 | B43: WILSIFY_AI | C43: 6 | F43: F#m
A44: TEST_004 | B44: WILSIFY_AI | C44: 7 | F44: A
A45: TEST_004 | B45: WILSIFY_AI | C45: 8 | F45: F#m
A46: TEST_004 | B46: WILSIFY_AI | C46: 9 | F46: Em
A47: TEST_004 | B47: WILSIFY_AI | C47: 10 | F47: E
A48: TEST_004 | B48: WILSIFY_AI | C48: 11 | F48: G#m
A49: TEST_004 | B49: WILSIFY_AI | C49: 12 | F49: E
A50: TEST_005 | B50: WILSIFY_AI | C50: 1 | F50: D# | I50: Old 'Wilsify said' output: order only, no timestamps (list is the first chords only).
A51: TEST_005 | B51: WILSIFY_AI | C51: 2 | F51: G#
A52: TEST_005 | B52: WILSIFY_AI | C52: 3 | F52: Cm7
A53: TEST_005 | B53: WILSIFY_AI | C53: 4 | F53: D#
A54: TEST_005 | B54: WILSIFY_AI | C54: 5 | F54: A#
A55: TEST_005 | B55: WILSIFY_AI | C55: 6 | F55: D#
A56: TEST_005 | B56: WILSIFY_AI | C56: 7 | F56: Fm7
A57: TEST_005 | B57: WILSIFY_AI | C57: 8 | F57: Cm7
A58: TEST_005 | B58: WILSIFY_AI | C58: 9 | F58: D#
A59: TEST_005 | B59: WILSIFY_AI | C59: 10 | F59: A#
A60: TEST_005 | B60: WILSIFY_AI | C60: 11 | F60: D#
A61: TEST_005 | B61: WILSIFY_AI | C61: 12 | F61: G#
A62: TEST_006 | B62: WILSIFY_AI | C62: 1 | F62: G | I62: Old 'Wilsify said' output: order only, no timestamps (list is the first chords only).
A63: TEST_006 | B63: WILSIFY_AI | C63: 2 | F63: Em
A64: TEST_006 | B64: WILSIFY_AI | C64: 3 | F64: G
A65: TEST_006 | B65: WILSIFY_AI | C65: 4 | F65: Em7
A66: TEST_006 | B66: WILSIFY_AI | C66: 5 | F66: A7
A67: TEST_006 | B67: WILSIFY_AI | C67: 6 | F67: G
A68: TEST_006 | B68: WILSIFY_AI | C68: 7 | F68: Em7
A69: TEST_006 | B69: WILSIFY_AI | C69: 8 | F69: G
A70: TEST_006 | B70: WILSIFY_AI | C70: 9 | F70: Em
A71: TEST_006 | B71: WILSIFY_AI | C71: 10 | F71: D
A72: TEST_006 | B72: WILSIFY_AI | C72: 11 | F72: Em
A73: TEST_006 | B73: WILSIFY_AI | C73: 12 | F73: D
A74: TEST_007 | B74: WILSIFY_AI | C74: 1 | F74: E | I74: Old 'Wilsify said' output: order only, no timestamps (list is the first chords only).
A75: TEST_007 | B75: WILSIFY_AI | C75: 2 | F75: Em
A76: TEST_007 | B76: WILSIFY_AI | C76: 3 | F76: Em7
A77: TEST_007 | B77: WILSIFY_AI | C77: 4 | F77: D
A78: TEST_007 | B78: WILSIFY_AI | C78: 5 | F78: G
A79: TEST_007 | B79: WILSIFY_AI | C79: 6 | F79: D
A80: TEST_007 | B80: WILSIFY_AI | C80: 7 | F80: Am
A81: TEST_007 | B81: WILSIFY_AI | C81: 8 | F81: G
A82: TEST_007 | B82: WILSIFY_AI | C82: 9 | F82: Bm
A83: TEST_007 | B83: WILSIFY_AI | C83: 10 | F83: Em
A84: TEST_007 | B84: WILSIFY_AI | C84: 11 | F84: B7
A85: TEST_007 | B85: WILSIFY_AI | C85: 12 | F85: C
A86: TEST_008 | B86: WILSIFY_AI | C86: 1 | F86: E | I86: Old 'Wilsify said' output: order only, no timestamps (list is the first chords only).
A87: TEST_008 | B87: WILSIFY_AI | C87: 2 | F87: C#m
A88: TEST_008 | B88: WILSIFY_AI | C88: 3 | F88: F#m
A89: TEST_008 | B89: WILSIFY_AI | C89: 4 | F89: A
A90: TEST_008 | B90: WILSIFY_AI | C90: 5 | F90: F#m
A91: TEST_008 | B91: WILSIFY_AI | C91: 6 | F91: E
A92: TEST_008 | B92: WILSIFY_AI | C92: 7 | F92: B7
A93: TEST_008 | B93: WILSIFY_AI | C93: 8 | F93: E
A94: TEST_008 | B94: WILSIFY_AI | C94: 9 | F94: Am7
A95: TEST_008 | B95: WILSIFY_AI | C95: 10 | F95: E
A96: TEST_008 | B96: WILSIFY_AI | C96: 11 | F96: Fm
A97: TEST_008 | B97: WILSIFY_AI | C97: 12 | F97: F#m
A98: TEST_010 | B98: WILSIFY_AI | C98: 1 | F98: B | I98: Old 'Wilsify said' output: order only, no timestamps (list is the first chords only).
A99: TEST_010 | B99: WILSIFY_AI | C99: 2 | F99: C#
A100: TEST_010 | B100: WILSIFY_AI | C100: 3 | F100: G#m7
...

Sheet NOTES
A1: Test ID | B1: Note # | C1: Start Time (sec) - By Ear | D1: Start Time (sec) - Wilsify AI | E1: Start Time (sec) - Chord AI | F1: Start Time (sec) - Other Repo | G1: Start Time (sec) - Claude | H1: End Time (sec) - By Ear | I1: End Time (sec) - Wilsify AI | J1: End Time (sec) - Chord AI | K1: End Time (sec) - Other Repo | L1: End Time (sec) - Claude | M1: Raw Note - By Ear | N1: Raw Note - Wilsify AI | O1: Raw Note - Chord AI | P1: Raw Note - Other Repo | Q1: Raw Note - Claude | R1: Normalized Note - By Ear | S1: Normalized Note - Wilsify AI | T1: Normalized Note - Chord AI | U1: Normalized Note - Other Repo | V1: Normalized Note - Claude | W1: Octave - By Ear | X1: Octave - Wilsify AI | Y1: Octave - Chord AI | Z1: Octave - Other Repo | AA1: Octave - Claude | AB1: Frequency Hz - By Ear | AC1: Frequency Hz - Wilsify AI | AD1: Frequency Hz - Chord AI | AE1: Frequency Hz - Other Repo | AF1: Frequency Hz - Claude | AG1: Confidence - By Ear | AH1: Confidence - Wilsify AI | AI1: Confidence - Chord AI | AJ1: Confidence - Other Repo | AK1: Confidence - Claude | AL1: Comments
A2: TEST_001 | B2: 1 | E2: 0.00069444444 | F2: 3.13 | G2: 3.09 | K2: 3.54 | L2: 3.32 | N2: N/A | O2: N/A | P2: C#4 | Q2: F#2 | R2: =IF(M2="","",LEFT(M2,LEN(M2)-1)) | S2: =IF(N2="","",LEFT(N2,LEN(N2)-1)) | T2: =IF(O2="","",LEFT(O2,LEN(O2)-1)) | U2: =IF(P2="","",LEFT(P2,LEN(P2)-1)) | V2: =IF(Q2="","",LEFT(Q2,LEN(Q2)-1)) | W2: =IF(M2="","",IFERROR(VALUE(RIGHT(M2,1)),"")) | X2: =IF(N2="","",IFERROR(VALUE(RIGHT(N2,1)),"")) | Y2: =IF(O2="","",IFERROR(VALUE(RIGHT(O2,1)),"")) | Z2: =IF(P2="","",IFERROR(VALUE(RIGHT(P2,1)),"")) | AA2: =IF(Q2="","",IFERROR(VALUE(RIGHT(Q2,1)),"")) | AB2: =IF(OR(M2="",W2=""),"",IFERROR(ROUND(440*2^((12*(W2+1)+IFERROR(MATCH(R2,{"C","C#","D","D#","E","F","F#","G","G#","A","A#","B"},0)-1,MATCH(R2,{"C","Db","D","Eb","E","F","Gb","G","Ab","A","Bb","B"},0)-1)-69)/12),2),"")) | AC2: =IF(OR(N2="",X2=""),"",IFERROR(ROUND(440*2^((12*(X2+1)+IFERROR(MATCH(S2,{"C","C#","D","D#","E","F","F#","G","G#","A","A#","B"},0)-1,MATCH(S2,{"C","Db","D","Eb","E","F","Gb","G","Ab","A","Bb","B"},0)-1)-69)/12),2),"")) | AD2: =IF(OR(O2="",Y2=""),"",IFERROR(ROUND(440*2^((12*(Y2+1)+IFERROR(MATCH(T2,{"C","C#","D","D#","E","F","F#","G","G#","A","A#","B"},0)-1,MATCH(T2,{"C","Db","D","Eb","E","F","Gb","G","Ab","A","Bb","B"},0)-1)-69)/12),2),"")) | AE2: =IF(OR(P2="",Z2=""),"",IFERROR(ROUND(440*2^((12*(Z2+1)+IFERROR(MATCH(U2,{"C","C#","D","D#","E","F","F#","G","G#","A","A#","B"},0)-1,MATCH(U2,{"C","Db","D","Eb","E","F","Gb","G","Ab","A","Bb","B"},0)-1)-69)/12),2),"")) | AF2: =IF(OR(Q2="",AA2=""),"",IFERROR(ROUND(440*2^((12*(AA2+1)+IFERROR(MATCH(V2,{"C","C#","D","D#","E","F","F#","G","G#","A","A#","B"},0)-1,MATCH(V2,{"C","Db","D","Eb","E","F","Gb","G","Ab","A","Bb","B"},0)-1)-69)/12),2),"")) | AJ2: Low | AK2: Low | AL2: Other Repo = Essentia Melodia predominant-pitch notes; Claude = librosa pYIN notes (first 10 salient notes, rows NOT aligned across systems). Wilsify: backend has no note-transcription output. Chord AI: no note output available. Polyphonic guitar -> treat as unverified; engines often differ by an octave.
A3: TEST_001 | B3: 2 | E3: 0.0020833333 | F3: 5.6 | G3: 5.32 | K3: 5.83 | L3: 5.5 | O3: D | P3: C4 | Q3: A#3 | R3: =IF(M3="","",LEFT(M3,LEN(M3)-1)) | S3: =IF(N3="","",LEFT(N3,LEN(N3)-1)) | T3: =IF(O3="","",LEFT(O3,LEN(O3)-1)) | U3: =IF(P3="","",LEFT(P3,LEN(P3)-1)) | V3: =IF(Q3="","",LEFT(Q3,LEN(Q3)-1)) | W3: =IF(M3="","",IFERROR(VALUE(RIGHT(M3,1)),"")) | X3: =IF(N3="","",IFERROR(VALUE(RIGHT(N3,1)),"")) | Y3: =IF(O3="","",IFERROR(VALUE(RIGHT(O3,1)),"")) | Z3: =IF(P3="","",IFERROR(VALUE(RIGHT(P3,1)),"")) | AA3: =IF(Q3="","",IFERROR(VALUE(RIGHT(Q3,1)),"")) | AB3: =IF(OR(M3="",W3=""),"",IFERROR(ROUND(440*2^((12*(W3+1)+IFERROR(MATCH(R3,{"C","C#","D","D#","E","F","F#","G","G#","A","A#","B"},0)-1,MATCH(R3,{"C","Db","D","Eb","E","F","Gb","G","Ab","A","Bb","B"},0)-1)-69)/12),2),"")) | AC3: =IF(OR(N3="",X3=""),"",IFERROR(ROUND(440*2^((12*(X3+1)+IFERROR(MATCH(S3,{"C","C#","D","D#","E","F","F#","G","G#","A","A#","B"},0)-1,MATCH(S3,{"C","Db","D","Eb","E","F","Gb","G","Ab","A","Bb","B"},0)-1)-69)/12),2),"")) | AD3: =IF(OR(O3="",Y3=""),"",IFERROR(ROUND(440*2^((12*(Y3+1)+IFERROR(MATCH(T3,{"C","C#","D","D#","E","F","F#","G","G#","A","A#","B"},0)-1,MATCH(T3,{"C","Db","D","Eb","E","F","Gb","G","Ab","A","Bb","B"},0)-1)-69)/12),2),"")) | AE3: =IF(OR(P3="",Z3=""),"",IFERROR(ROUND(440*2^((12*(Z3+1)+IFERROR(MATCH(U3,{"C","C#","D","D#","E","F","F#","G","G#","A","A#","B"},0)-1,MATCH(U3,{"C","Db","D","Eb","E","F","Gb","G","Ab","A","Bb","B"},0)-1)-69)/12),2),"")) | AF3: =IF(OR(Q3="",AA3=""),"",IFERROR(ROUND(440*2^((12*(AA3+1)+IFERROR(MATCH(V3,{"C","C#","D","D#","E","F","F#","G","G#","A","A#","B"},0)-1,MATCH(V3,{"C","Db","D","Eb","E","F","Gb","G","Ab","A","Bb","B"},0)-1)-69)/12),2),"")) | AJ3: Low | AK3: Low
A4: TEST_001 | B4: 3 | E4: 00:07-00:08 | F4: 5.84 | G4: 7.34 | K4: 6.17 | L4: 7.58 | O4: G-D | P4: C#4 | Q4: F#3 | R4: =IF(M4="","",LEFT(M4,LEN(M4)-1)) | S4: =IF(N4="","",LEFT(N4,LEN(N4)-1)) | T4: =IF(O4="","",LEFT(O4,LEN(O4)-1)) | U4: =IF(P4="","",LEFT(P4,LEN(P4)-1)) | V4: =IF(Q4="","",LEFT(Q4,LEN(Q4)-1)) | W4: =IF(M4="","",IFERROR(VALUE(RIGHT(M4,1)),"")) | X4: =IF(N4="","",IFERROR(VALUE(RIGHT(N4,1)),"")) | Y4: =IF(O4="","",IFERROR(VALUE(RIGHT(O4,1)),"")) | Z4: =IF(P4="","",IFERROR(VALUE(RIGHT(P4,1)),"")) | AA4: =IF(Q4="","",IFERROR(VALUE(RIGHT(Q4,1)),"")) | AB4: =IF(OR(M4="",W4=""),"",IFERROR(ROUND(440*2^((12*(W4+1)+IFERROR(MATCH(R4,{"C","C#","D","D#","E","F","F#","G","G#","A","A#","B"},0)-1,MATCH(R4,{"C","Db","D","Eb","E","F","Gb","G","Ab","A","Bb","B"},0)-1)-69)/12),2),"")) | AC4: =IF(OR(N4="",X4=""),"",IFERROR(ROUND(440*2^((12*(X4+1)+IFERROR(MATCH(S4,{"C","C#","D","D#","E","F","F#","G","G#","A","A#","B"},0)-1,MATCH(S4,{"C","Db","D","Eb","E","F","Gb","G","Ab","A","Bb","B"},0)-1)-69)/12),2),"")) | AD4: =IF(OR(O4="",Y4=""),"",IFERROR(ROUND(440*2^((12*(Y4+1)+IFERROR(MATCH(T4,{"C","C#","D","D#","E","F","F#","G","G#","A","A#","B"},0)-1,MATCH(T4,{"C","Db","D","Eb","E","F","Gb","G","Ab","A","Bb","B"},0)-1)-69)/12),2),"")) | AE4: =IF(OR(P4="",Z4=""),"",IFERROR(ROUND(440*2^((12*(Z4+1)+IFERROR(MATCH(U4,{"C","C#","D","D#","E","F","F#","G","G#","A","A#","B"},0)-1,MATCH(U4,{"C","Db","D","Eb","E","F","Gb","G","Ab","A","Bb","B"},0)-1)-69)/12),2),"")) | AF4: =IF(OR(Q4="",AA4=""),"",IFERROR(ROUND(440*2^((12*(AA4+1)+IFERROR(MATCH(V4,{"C","C#","D","D#","E","F","F#","G","G#","A","A#","B"},0)-1,MATCH(V4,{"C","Db","D","Eb","E","F","Gb","G","Ab","A","Bb","B"},0)-1)-69)/12),2),"")) | AJ4: Low | AK4: Low
A5: TEST_001 | B5: 4 | E5: 0.00625 | F5: 6.18 | G5: 9.09 | K5: 6.35 | L5: 9.25 | O5: Em7 | P5: C#4 | Q5: G#3 | R5: =IF(M5="","",LEFT(M5,LEN(M5)-1)) | S5: =IF(N5="","",LEFT(N5,LEN(N5)-1)) | T5: =IF(O5="","",LEFT(O5,LEN(O5)-1)) | U5: =IF(P5="","",LEFT(P5,LEN(P5)-1)) | V5: =IF(Q5="","",LEFT(Q5,LEN(Q5)-1)) | W5: =IF(M5="","",IFERROR(VALUE(RIGHT(M5,1)),"")) | X5: =IF(N5="","",IFERROR(VALUE(RIGHT(N5,1)),"")) | Y5: =IF(O5="","",IFERROR(VALUE(RIGHT(O5,1)),"")) | Z5: =IF(P5="","",IFERROR(VALUE(RIGHT(P5,1)),"")) | AA5: =IF(Q5="","",IFERROR(VALUE(RIGHT(Q5,1)),"")) | AB5: =IF(OR(M5="",W5=""),"",IFERROR(ROUND(440*2^((12*(W5+1)+IFERROR(MATCH(R5,{"C","C#","D","D#","E","F","F#","G","G#","A","A#","B"},0)-1,MATCH(R5,{"C","Db","D","Eb","E","F","Gb","G","Ab","A","Bb","B"},0)-1)-69)/12),2),"")) | AC5: =IF(OR(N5="",X5=""),"",IFERROR(ROUND(440*2^((12*(X5+1)+IFERROR(MATCH(S5,{"C","C#","D","D#","E","F","F#","G","G#","A","A#","B"},0)-1,MATCH(S5,{"C","Db","D","Eb","E","F","Gb","G","Ab","A","Bb","B"},0)-1)-69)/12),2),"")) | AD5: =IF(OR(O5="",Y5=""),"",IFERROR(ROUND(440*2^((12*(Y5+1)+IFERROR(MATCH(T5,{"C","C#","D","D#","E","F","F#","G","G#","A","A#","B"},0)-1,MATCH(T5,{"C","Db","D","Eb","E","F","Gb","G","Ab","A","Bb","B"},0)-1)-69)/12),2),"")) | AE5: =IF(OR(P5="",Z5=""),"",IFERROR(ROUND(440*2^((12*(Z5+1)+IFERROR(MATCH(U5,{"C","C#","D","D#","E","F","F#","G","G#","A","A#","B"},0)-1,MATCH(U5,{"C","Db","D","Eb","E","F","Gb","G","Ab","A","Bb","B"},0)-1)-69)/12),2),"")) | AF5: =IF(OR(Q5="",AA5=""),"",IFERROR(ROUND(440*2^((12*(AA5+1)+IFERROR(MATCH(V5,{"C","C#","D","D#","E","F","F#","G","G#","A","A#","B"},0)-1,MATCH(V5,{"C","Db","D","Eb","E","F","Gb","G","Ab","A","Bb","B"},0)-1)-69)/12),2),"")) | AJ5: Low | AK5: Low
A6: TEST_001 | B6: 5 | E6: 0.0076388889 | F6: 6.81 | G6: 9.33 | K6: 7.22 | L6: 9.56 | O6: D | P6: A#3 | Q6: B3 | R6: =IF(M6="","",LEFT(M6,LEN(M6)-1)) | S6: =IF(N6="","",LEFT(N6,LEN(N6)-1)) | T6: =IF(O6="","",LEFT(O6,LEN(O6)-1)) | U6: =IF(P6="","",LEFT(P6,LEN(P6)-1)) | V6: =IF(Q6="","",LEFT(Q6,LEN(Q6)-1)) | W6: =IF(M6="","",IFERROR(VALUE(RIGHT(M6,1)),"")) | X6: =IF(N6="","",IFERROR(VALUE(RIGHT(N6,1)),"")) | Y6: =IF(O6="","",IFERROR(VALUE(RIGHT(O6,1)),"")) | Z6: =IF(P6="","",IFERROR(VALUE(RIGHT(P6,1)),"")) | AA6: =IF(Q6="","",IFERROR(VALUE(RIGHT(Q6,1)),"")) | AB6: =IF(OR(M6="",W6=""),"",IFERROR(ROUND(440*2^((12*(W6+1)+IFERROR(MATCH(R6,{"C","C#","D","D#","E","F","F#","G","G#","A","A#","B"},0)-1,MATCH(R6,{"C","Db","D","Eb","E","F","Gb","G","Ab","A","Bb","B"},0)-1)-69)/12),2),"")) | AC6: =IF(OR(N6="",X6=""),"",IFERROR(ROUND(440*2^((12*(X6+1)+IFERROR(MATCH(S6,{"C","C#","D","D#","E","F","F#","G","G#","A","A#","B"},0)-1,MATCH(S6,{"C","Db","D","Eb","E","F","Gb","G","Ab","A","Bb","B"},0)-1)-69)/12),2),"")) | AD6: =IF(OR(O6="",Y6=""),"",IFERROR(ROUND(440*2^((12*(Y6+1)+IFERROR(MATCH(T6,{"C","C#","D","D#","E","F","F#","G","G#","A","A#","B"},0)-1,MATCH(T6,{"C","Db","D","Eb","E","F","Gb","G","Ab","A","Bb","B"},0)-1)-69)/12),2),"")) | AE6: =IF(OR(P6="",Z6=""),"",IFERROR(ROUND(440*2^((12*(Z6+1)+IFERROR(MATCH(U6,{"C","C#","D","D#","E","F","F#","G","G#","A","A#","B"},0)-1,MATCH(U6,{"C","Db","D","Eb","E","F","Gb","G","Ab","A","Bb","B"},0)-1)-69)/12),2),"")) | AF6: =IF(OR(Q6="",AA6=""),"",IFERROR(ROUND(440*2^((12*(AA6+1)+IFERROR(MATCH(V6,{"C","C#","D","D#","E","F","F#","G","G#","A","A#","B"},0)-1,MATCH(V6,{"C","Db","D","Eb","E","F","Gb","G","Ab","A","Bb","B"},0)-1)-69)/12),2),"")) | AJ6: Low | AK6: Low
A7: TEST_001 | B7: 6 | E7: 0.011111111 | F7: 7.88 | G7: 9.65 | K7: 8.13 | L7: 9.83 | O7: C | P7: A#3 | Q7: E2 | R7: =IF(M7="","",LEFT(M7,LEN(M7)-1)) | S7: =IF(N7="","",LEFT(N7,LEN(N7)-1)) | T7: =IF(O7="","",LEFT(O7,LEN(O7)-1)) | U7: =IF(P7="","",LEFT(P7,LEN(P7)-1)) | V7: =IF(Q7="","",LEFT(Q7,LEN(Q7)-1)) | W7: =IF(M7="","",IFERROR(VALUE(RIGHT(M7,1)),"")) | X7: =IF(N7="","",IFERROR(VALUE(RIGHT(N7,1)),"")) | Y7: =IF(O7="","",IFERROR(VALUE(RIGHT(O7,1)),"")) | Z7: =IF(P7="","",IFERROR(VALUE(RIGHT(P7,1)),"")) | AA7: =IF(Q7="","",IFERROR(VALUE(RIGHT(Q7,1)),"")) | AB7: =IF(OR(M7="",W7=""),"",IFERROR(ROUND(440*2^((12*(W7+1)+IFERROR(MATCH(R7,{"C","C#","D","D#","E","F","F#","G","G#","A","A#","B"},0)-1,MATCH(R7,{"C","Db","D","Eb","E","F","Gb","G","Ab","A","Bb","B"},0)-1)-69)/12),2),"")) | AC7: =IF(OR(N7="",X7=""),"",IFERROR(ROUND(440*2^((12*(X7+1)+IFERROR(MATCH(S7,{"C","C#","D","D#","E","F","F#","G","G#","A","A#","B"},0)-1,MATCH(S7,{"C","Db","D","Eb","E","F","Gb","G","Ab","A","Bb","B"},0)-1)-69)/12),2),"")) | AD7: =IF(OR(O7="",Y7=""),"",IFERROR(ROUND(440*2^((12*(Y7+1)+IFERROR(MATCH(T7,{"C","C#","D","D#","E","F","F#","G","G#","A","A#","B"},0)-1,MATCH(T7,{"C","Db","D","Eb","E","F","Gb","G","Ab","A","Bb","B"},0)-1)-69)/12),2),"")) | AE7: =IF(OR(P7="",Z7=""),"",IFERROR(ROUND(440*2^((12*(Z7+1)+IFERROR(MATCH(U7,{"C","C#","D","D#","E","F","F#","G","G#","A","A#","B"},0)-1,MATCH(U7,{"C","Db","D","Eb","E","F","Gb","G","Ab","A","Bb","B"},0)-1)-69)/12),2),"")) | AF7: =IF(OR(Q7="",AA7=""),"",IFERROR(ROUND(440*2^((12*(AA7+1)+IFERROR(MATCH(V7,{"C","C#","D","D#","E","F","F#","G","G#","A","A#","B"},0)-1,MATCH(V7,{"C","Db","D","Eb","E","F","Gb","G","Ab","A","Bb","B"},0)-1)-69)/12),2),"")) | AJ7: Low | AK7: Low
A8: TEST_001 | B8: 7 | E8: 0.0125 | F8: 9.38 | G8: 10.03 | K8: 9.83 | L8: 10.31 | O8: D | P8: B3 | Q8: G#3 | R8: =IF(M8="","",LEFT(M8,LEN(M8)-1)) | S8: =IF(N8="","",LEFT(N8,LEN(N8)-1)) | T8: =IF(O8="","",LEFT(O8,LEN(O8)-1)) | U8: =IF(P8="","",LEFT(P8,LEN(P8)-1)) | V8: =IF(Q8="","",LEFT(Q8,LEN(Q8)-1)) | W8: =IF(M8="","",IFERROR(VALUE(RIGHT(M8,1)),"")) | X8: =IF(N8="","",IFERROR(VALUE(RIGHT(N8,1)),"")) | Y8: =IF(O8="","",IFERROR(VALUE(RIGHT(O8,1)),"")) | Z8: =IF(P8="","",IFERROR(VALUE(RIGHT(P8,1)),"")) | AA8: =IF(Q8="","",IFERROR(VALUE(RIGHT(Q8,1)),"")) | AB8: =IF(OR(M8="",W8=""),"",IFERROR(ROUND(440*2^((12*(W8+1)+IFERROR(MATCH(R8,{"C","C#","D","D#","E","F","F#","G","G#","A","A#","B"},0)-1,MATCH(R8,{"C","Db","D","Eb","E","F","Gb","G","Ab","A","Bb","B"},0)-1)-69)/12),2),"")) | AC8: =IF(OR(N8="",X8=""),"",IFERROR(ROUND(440*2^((12*(X8+1)+IFERROR(MATCH(S8,{"C","C#","D","D#","E","F","F#","G","G#","A","A#","B"},0)-1,MATCH(S8,{"C","Db","D","Eb","E","F","Gb","G","Ab","A","Bb","B"},0)-1)-69)/12),2),"")) | AD8: =IF(OR(O8="",Y8=""),"",IFERROR(ROUND(440*2^((12*(Y8+1)+IFERROR(MATCH(T8,{"C","C#","D","D#","E","F","F#","G","G#","A","A#","B"},0)-1,MATCH(T8,{"C","Db","D","Eb","E","F","Gb","G","Ab","A","Bb","B"},0)-1)-69)/12),2),"")) | AE8: =IF(OR(P8="",Z8=""),"",IFERROR(ROUND(440*2^((12*(Z8+1)+IFERROR(MATCH(U8,{"C","C#","D","D#","E","F","F#","G","G#","A","A#","B"},0)-1,MATCH(U8,{"C","Db","D","Eb","E","F","Gb","G","Ab","A","Bb","B"},0)-1)-69)/12),2),"")) | AF8: =IF(OR(Q8="",AA8=""),"",IFERROR(ROUND(440*2^((12*(AA8+1)+IFERROR(MATCH(V8,{"C","C#","D","D#","E","F","F#","G","G#","A","A#","B"},0)-1,MATCH(V8,{"C","Db","D","Eb","E","F","Gb","G","Ab","A","Bb","B"},0)-1)-69)/12),2),"")) | AJ8: Low | AK8: Low
A9: TEST_001 | B9: 8 | E9: 0.013888889 | F9: 10.79 | G9: 10.47 | K9: 11.3 | L9: 10.84 | O9: G | P9: C#4 | Q9: B3 | R9: =IF(M9="","",LEFT(M9,LEN(M9)-1)) | S9: =IF(N9="","",LEFT(N9,LEN(N9)-1)) | T9: =IF(O9="","",LEFT(O9,LEN(O9)-1)) | U9: =IF(P9="","",LEFT(P9,LEN(P9)-1)) | V9: =IF(Q9="","",LEFT(Q9,LEN(Q9)-1)) | W9: =IF(M9="","",IFERROR(VALUE(RIGHT(M9,1)),"")) | X9: =IF(N9="","",IFERROR(VALUE(RIGHT(N9,1)),"")) | Y9: =IF(O9="","",IFERROR(VALUE(RIGHT(O9,1)),"")) | Z9: =IF(P9="","",IFERROR(VALUE(RIGHT(P9,1)),"")) | AA9: =IF(Q9="","",IFERROR(VALUE(RIGHT(Q9,1)),"")) | AB9: =IF(OR(M9="",W9=""),"",IFERROR(ROUND(440*2^((12*(W9+1)+IFERROR(MATCH(R9,{"C","C#","D","D#","E","F","F#","G","G#","A","A#","B"},0)-1,MATCH(R9,{"C","Db","D","Eb","E","F","Gb","G","Ab","A","Bb","B"},0)-1)-69)/12),2),"")) | AC9: =IF(OR(N9="",X9=""),"",IFERROR(ROUND(440*2^((12*(X9+1)+IFERROR(MATCH(S9,{"C","C#","D","D#","E","F","F#","G","G#","A","A#","B"},0)-1,MATCH(S9,{"C","Db","D","Eb","E","F","Gb","G","Ab","A","Bb","B"},0)-1)-69)/12),2),"")) | AD9: =IF(OR(O9="",Y9=""),"",IFERROR(ROUND(440*2^((12*(Y9+1)+IFERROR(MATCH(T9,{"C","C#","D","D#","E","F","F#","G","G#","A","A#","B"},0)-1,MATCH(T9,{"C","Db","D","Eb","E","F","Gb","G","Ab","A","Bb","B"},0)-1)-69)/12),2),"")) | AE9: =IF(OR(P9="",Z9=""),"",IFERROR(ROUND(440*2^((12*(Z9+1)+IFERROR(MATCH(U9,{"C","C#","D","D#","E","F","F#","G","G#","A","A#","B"},0)-1,MATCH(U9,{"C","Db","D","Eb","E","F","Gb","G","Ab","A","Bb","B"},0)-1)-69)/12),2),"")) | AF9: =IF(OR(Q9="",AA9=""),"",IFERROR(ROUND(440*2^((12*(AA9+1)+IFERROR(MATCH(V9,{"C","C#","D","D#","E","F","F#","G","G#","A","A#","B"},0)-1,MATCH(V9,{"C","Db","D","Eb","E","F","Gb","G","Ab","A","Bb","B"},0)-1)-69)/12),2),"")) | AJ9: Low | AK9: Low
A10: TEST_001 | B10: 9 | E10: 0.016666667 | F10: 11.75 | G10: 10.96 | K10: 11.95 | L10: 11.28 | O10: C | P10: C#4 | Q10: F#2 | R10: =IF(M10="","",LEFT(M10,LEN(M10)-1)) | S10: =IF(N10="","",LEFT(N10,LEN(N10)-1)) | T10: =IF(O10="","",LEFT(O10,LEN(O10)-1)) | U10: =IF(P10="","",LEFT(P10,LEN(P10)-1)) | V10: =IF(Q10="","",LEFT(Q10,LEN(Q10)-1)) | W10: =IF(M10="","",IFERROR(VALUE(RIGHT(M10,1)),"")) | X10: =IF(N10="","",IFERROR(VALUE(RIGHT(N10,1)),"")) | Y10: =IF(O10="","",IFERROR(VALUE(RIGHT(O10,1)),"")) | Z10: =IF(P10="","",IFERROR(VALUE(RIGHT(P10,1)),"")) | AA10: =IF(Q10="","",IFERROR(VALUE(RIGHT(Q10,1)),"")) | AB10: =IF(OR(M10="",W10=""),"",IFERROR(ROUND(440*2^((12*(W10+1)+IFERROR(MATCH(R10,{"C","C#","D","D#","E","F","F#","G","G#","A","A#","B"},0)-1,MATCH(R10,{"C","Db","D","Eb","E","F","Gb","G","Ab","A","Bb","B"},0)-1)-69)/12),2),"")) | AC10: =IF(OR(N10="",X10=""),"",IFERROR(ROUND(440*2^((12*(X10+1)+IFERROR(MATCH(S10,{"C","C#","D","D#","E","F","F#","G","G#","A","A#","B"},0)-1,MATCH(S10,{"C","Db","D","Eb","E","F","Gb","G","Ab","A","Bb","B"},0)-1)-69)/12),2),"")) | AD10: =IF(OR(O10="",Y10=""),"",IFERROR(ROUND(440*2^((12*(Y10+1)+IFERROR(MATCH(T10,{"C","C#","D","D#","E","F","F#","G","G#","A","A#","B"},0)-1,MATCH(T10,{"C","Db","D","Eb","E","F","Gb","G","Ab","A","Bb","B"},0)-1)-69)/12),2),"")) | AE10: =IF(OR(P10="",Z10=""),"",IFERROR(ROUND(440*2^((12*(Z10+1)+IFERROR(MATCH(U10,{"C","C#","D","D#","E","F","F#","G","G#","A","A#","B"},0)-1,MATCH(U10,{"C","Db","D","Eb","E","F","Gb","G","Ab","A","Bb","B"},0)-1)-69)/12),2),"")) | AF10: =IF(OR(Q10="",AA10=""),"",IFERROR(ROUND(440*2^((12*(AA10+1)+IFERROR(MATCH(V10,{"C","C#","D","D#","E","F","F#","G","G#","A","A#","B"},0)-1,MATCH(V10,{"C","Db","D","Eb","E","F","Gb","G","Ab","A","Bb","B"},0)-1)-69)/12),2),"")) | AJ10: Low | AK10: Low
A11: TEST_001 | B11: 10 | E11: 0.018055556 | F11: 11.95 | G11: 12.71 | K11: 12.25 | L11: 12.93 | O11: D | P11: C#4 | Q11: F#2 | T11: =IF(O11="","",LEFT(O11,LEN(O11)-1)) | Y11: =IF(O11="","",IFERROR(VALUE(RIGHT(O11,1)),"")) | AJ11: Low | AK11: Low
A12: TEST_001 | B12: 11 | E12: 0.019444444 | O12: G | R12: =IF(M12="","",LEFT(M12,LEN(M12)-1)) | S12: =IF(N12="","",LEFT(N12,LEN(N12)-1)) | T12: =IF(O12="","",LEFT(O12,LEN(O12)-1)) | U12: =IF(P12="","",LEFT(P12,LEN(P12)-1)) | V12: =IF(Q12="","",LEFT(Q12,LEN(Q12)-1)) | W12: =IF(M12="","",IFERROR(VALUE(RIGHT(M12,1)),"")) | X12: =IF(N12="","",IFERROR(VALUE(RIGHT(N12,1)),"")) | Y12: =IF(O12="","",IFERROR(VALUE(RIGHT(O12,1)),"")) | Z12: =IF(P12="","",IFERROR(VALUE(RIGHT(P12,1)),"")) | AA12: =IF(Q12="","",IFERROR(VALUE(RIGHT(Q12,1)),"")) | AB12: =IF(OR(M12="",W12=""),"",IFERROR(ROUND(440*2^((12*(W12+1)+IFERROR(MATCH(R12,{"C","C#","D","D#","E","F","F#","G","G#","A","A#","B"},0)-1,MATCH(R12,{"C","Db","D","Eb","E","F","Gb","G","Ab","A","Bb","B"},0)-1)-69)/12),2),"")) | AC12: =IF(OR(N12="",X12=""),"",IFERROR(ROUND(440*2^((12*(X12+1)+IFERROR(MATCH(S12,{"C","C#","D","D#","E","F","F#","G","G#","A","A#","B"},0)-1,MATCH(S12,{"C","Db","D","Eb","E","F","Gb","G","Ab","A","Bb","B"},0)-1)-69)/12),2),"")) | AD12: =IF(OR(O12="",Y12=""),"",IFERROR(ROUND(440*2^((12*(Y12+1)+IFERROR(MATCH(T12,{"C","C#","D","D#","E","F","F#","G","G#","A","A#","B"},0)-1,MATCH(T12,{"C","Db","D","Eb","E","F","Gb","G","Ab","A","Bb","B"},0)-1)-69)/12),2),"")) | AE12: =IF(OR(P12="",Z12=""),"",IFERROR(ROUND(440*2^((12*(Z12+1)+IFERROR(MATCH(U12,{"C","C#","D","D#","E","F","F#","G","G#","A","A#","B"},0)-1,MATCH(U12,{"C","Db","D","Eb","E","F","Gb","G","Ab","A","Bb","B"},0)-1)-69)/12),2),"")) | AF12: =IF(OR(Q12="",AA12=""),"",IFERROR(ROUND(440*2^((12*(AA12+1)+IFERROR(MATCH(V12,{"C","C#","D","D#","E","F","F#","G","G#","A","A#","B"},0)-1,MATCH(V12,{"C","Db","D","Eb","E","F","Gb","G","Ab","A","Bb","B"},0)-1)-69)/12),2),""))
A13: TEST_002 | B13: 1 | E13: 0.00069444444 | F13: 1.24 | G13: 1.88 | K13: 1.46 | L13: 2.88 | N13: N/A | O13: N/A | P13: D3 | Q13: D#2 | R13: =IF(M13="","",LEFT(M13,LEN(M13)-1)) | S13: =IF(N13="","",LEFT(N13,LEN(N13)-1)) | T13: =IF(O13="","",LEFT(O13,LEN(O13)-1)) | U13: =IF(P13="","",LEFT(P13,LEN(P13)-1)) | V13: =IF(Q13="","",LEFT(Q13,LEN(Q13)-1)) | W13: =IF(M13="","",IFERROR(VALUE(RIGHT(M13,1)),"")) | X13: =IF(N13="","",IFERROR(VALUE(RIGHT(N13,1)),"")) | Y13: =IF(O13="","",IFERROR(VALUE(RIGHT(O13,1)),"")) | Z13: =IF(P13="","",IFERROR(VALUE(RIGHT(P13,1)),"")) | AA13: =IF(Q13="","",IFERROR(VALUE(RIGHT(Q13,1)),"")) | AB13: =IF(OR(M13="",W13=""),"",IFERROR(ROUND(440*2^((12*(W13+1)+IFERROR(MATCH(R13,{"C","C#","D","D#","E","F","F#","G","G#","A","A#","B"},0)-1,MATCH(R13,{"C","Db","D","Eb","E","F","Gb","G","Ab","A","Bb","B"},0)-1)-69)/12),2),"")) | AC13: =IF(OR(N13="",X13=""),"",IFERROR(ROUND(440*2^((12*(X13+1)+IFERROR(MATCH(S13,{"C","C#","D","D#","E","F","F#","G","G#","A","A#","B"},0)-1,MATCH(S13,{"C","Db","D","Eb","E","F","Gb","G","Ab","A","Bb","B"},0)-1)-69)/12),2),"")) | AD13: =IF(OR(O13="",Y13=""),"",IFERROR(ROUND(440*2^((12*(Y13+1)+IFERROR(MATCH(T13,{"C","C#","D","D#","E","F","F#","G","G#","A","A#","B"},0)-1,MATCH(T13,{"C","Db","D","Eb","E","F","Gb","G","Ab","A","Bb","B"},0)-1)-69)/12),2),"")) | AE13: =IF(OR(P13="",Z13=""),"",IFERROR(ROUND(440*2^((12*(Z13+1)+IFERROR(MATCH(U13,{"C","C#","D","D#","E","F","F#","G","G#","A","A#","B"},0)-1,MATCH(U13,{"C","Db","D","Eb","E","F","Gb","G","Ab","A","Bb","B"},0)-1)-69)/12),2),"")) | AF13: =IF(OR(Q13="",AA13=""),"",IFERROR(ROUND(440*2^((12*(AA13+1)+IFERROR(MATCH(V13,{"C","C#","D","D#","E","F","F#","G","G#","A","A#","B"},0)-1,MATCH(V13,{"C","Db","D","Eb","E","F","Gb","G","Ab","A","Bb","B"},0)-1)-69)/12),2),"")) | AJ13: Low | AK13: Low | AL13: Other Repo = Essentia Melodia predominant-pitch notes; Claude = librosa pYIN notes (first 10 salient notes, rows NOT aligned across systems). Wilsify: backend has no note-transcription output. Chord AI: no note output available. Polyphonic guitar -> treat as unverified; engines often differ by an octave.
A14: TEST_002 | B14: 2 | E14: 0.0027777778 | F14: 2.25 | G14: 2.88 | K14: 2.89 | L14: 3.1 | O14: G | P14: D3 | Q14: E2 | R14: =IF(M14="","",LEFT(M14,LEN(M14)-1)) | S14: =IF(N14="","",LEFT(N14,LEN(N14)-1)) | T14: =IF(O14="","",LEFT(O14,LEN(O14)-1)) | U14: =IF(P14="","",LEFT(P14,LEN(P14)-1)) | V14: =IF(Q14="","",LEFT(Q14,LEN(Q14)-1)) | W14: =IF(M14="","",IFERROR(VALUE(RIGHT(M14,1)),"")) | X14: =IF(N14="","",IFERROR(VALUE(RIGHT(N14,1)),"")) | Y14: =IF(O14="","",IFERROR(VALUE(RIGHT(O14,1)),"")) | Z14: =IF(P14="","",IFERROR(VALUE(RIGHT(P14,1)),"")) | AA14: =IF(Q14="","",IFERROR(VALUE(RIGHT(Q14,1)),"")) | AB14: =IF(OR(M14="",W14=""),"",IFERROR(ROUND(440*2^((12*(W14+1)+IFERROR(MATCH(R14,{"C","C#","D","D#","E","F","F#","G","G#","A","A#","B"},0)-1,MATCH(R14,{"C","Db","D","Eb","E","F","Gb","G","Ab","A","Bb","B"},0)-1)-69)/12),2),"")) | AC14: =IF(OR(N14="",X14=""),"",IFERROR(ROUND(440*2^((12*(X14+1)+IFERROR(MATCH(S14,{"C","C#","D","D#","E","F","F#","G","G#","A","A#","B"},0)-1,MATCH(S14,{"C","Db","D","Eb","E","F","Gb","G","Ab","A","Bb","B"},0)-1)-69)/12),2),"")) | AD14: =IF(OR(O14="",Y14=""),"",IFERROR(ROUND(440*2^((12*(Y14+1)+IFERROR(MATCH(T14,{"C","C#","D","D#","E","F","F#","G","G#","A","A#","B"},0)-1,MATCH(T14,{"C","Db","D","Eb","E","F","Gb","G","Ab","A","Bb","B"},0)-1)-69)/12),2),"")) | AE14: =IF(OR(P14="",Z14=""),"",IFERROR(ROUND(440*2^((12*(Z14+1)+IFERROR(MATCH(U14,{"C","C#","D","D#","E","F","F#","G","G#","A","A#","B"},0)-1,MATCH(U14,{"C","Db","D","Eb","E","F","Gb","G","Ab","A","Bb","B"},0)-1)-69)/12),2),"")) | AF14: =IF(OR(Q14="",AA14=""),"",IFERROR(ROUND(440*2^((12*(AA14+1)+IFERROR(MATCH(V14,{"C","C#","D","D#","E","F","F#","G","G#","A","A#","B"},0)-1,MATCH(V14,{"C","Db","D","Eb","E","F","Gb","G","Ab","A","Bb","B"},0)-1)-69)/12),2),"")) | AJ14: Low | AK14: Low
A15: TEST_002 | B15: 3 | E15: 0.0041666667 | F15: 2.9 | G15: 3.47 | K15: 3.15 | L15: 3.83 | O15: A | P15: G#4 | Q15: B2 | R15: =IF(M15="","",LEFT(M15,LEN(M15)-1)) | S15: =IF(N15="","",LEFT(N15,LEN(N15)-1)) | T15: =IF(O15="","",LEFT(O15,LEN(O15)-1)) | U15: =IF(P15="","",LEFT(P15,LEN(P15)-1)) | V15: =IF(Q15="","",LEFT(Q15,LEN(Q15)-1)) | W15: =IF(M15="","",IFERROR(VALUE(RIGHT(M15,1)),"")) | X15: =IF(N15="","",IFERROR(VALUE(RIGHT(N15,1)),"")) | Y15: =IF(O15="","",IFERROR(VALUE(RIGHT(O15,1)),"")) | Z15: =IF(P15="","",IFERROR(VALUE(RIGHT(P15,1)),"")) | AA15: =IF(Q15="","",IFERROR(VALUE(RIGHT(Q15,1)),"")) | AB15: =IF(OR(M15="",W15=""),"",IFERROR(ROUND(440*2^((12*(W15+1)+IFERROR(MATCH(R15,{"C","C#","D","D#","E","F","F#","G","G#","A","A#","B"},0)-1,MATCH(R15,{"C","Db","D","Eb","E","F","Gb","G","Ab","A","Bb","B"},0)-1)-69)/12),2),"")) | AC15: =IF(OR(N15="",X15=""),"",IFERROR(ROUND(440*2^((12*(X15+1)+IFERROR(MATCH(S15,{"C","C#","D","D#","E","F","F#","G","G#","A","A#","B"},0)-1,MATCH(S15,{"C","Db","D","Eb","E","F","Gb","G","Ab","A","Bb","B"},0)-1)-69)/12),2),"")) | AD15: =IF(OR(O15="",Y15=""),"",IFERROR(ROUND(440*2^((12*(Y15+1)+IFERROR(MATCH(T15,{"C","C#","D","D#","E","F","F#","G","G#","A","A#","B"},0)-1,MATCH(T15,{"C","Db","D","Eb","E","F","Gb","G","Ab","A","Bb","B"},0)-1)-69)/12),2),"")) | AE15: =IF(OR(P15="",Z15=""),"",IFERROR(ROUND(440*2^((12*(Z15+1)+IFERROR(MATCH(U15,{"C","C#","D","D#","E","F","F#","G","G#","A","A#","B"},0)-1,MATCH(U15,{"C","Db","D","Eb","E","F","Gb","G","Ab","A","Bb","B"},0)-1)-69)/12),2),"")) | AF15: =IF(OR(Q15="",AA15=""),"",IFERROR(ROUND(440*2^((12*(AA15+1)+IFERROR(MATCH(V15,{"C","C#","D","D#","E","F","F#","G","G#","A","A#","B"},0)-1,MATCH(V15,{"C","Db","D","Eb","E","F","Gb","G","Ab","A","Bb","B"},0)-1)-69)/12),2),"")) | AJ15: Low | AK15: Low
A16: TEST_002 | B16: 4 | E16: 0.0055555556 | F16: 3.18 | G16: 5.18 | K16: 3.37 | L16: 6.4 | O16: D | P16: F#4 | Q16: D#2 | R16: =IF(M16="","",LEFT(M16,LEN(M16)-1)) | S16: =IF(N16="","",LEFT(N16,LEN(N16)-1)) | T16: =IF(O16="","",LEFT(O16,LEN(O16)-1)) | U16: =IF(P16="","",LEFT(P16,LEN(P16)-1)) | V16: =IF(Q16="","",LEFT(Q16,LEN(Q16)-1)) | W16: =IF(M16="","",IFERROR(VALUE(RIGHT(M16,1)),"")) | X16: =IF(N16="","",IFERROR(VALUE(RIGHT(N16,1)),"")) | Y16: =IF(O16="","",IFERROR(VALUE(RIGHT(O16,1)),"")) | Z16: =IF(P16="","",IFERROR(VALUE(RIGHT(P16,1)),"")) | AA16: =IF(Q16="","",IFERROR(VALUE(RIGHT(Q16,1)),"")) | AB16: =IF(OR(M16="",W16=""),"",IFERROR(ROUND(440*2^((12*(W16+1)+IFERROR(MATCH(R16,{"C","C#","D","D#","E","F","F#","G","G#","A","A#","B"},0)-1,MATCH(R16,{"C","Db","D","Eb","E","F","Gb","G","Ab","A","Bb","B"},0)-1)-69)/12),2),"")) | AC16: =IF(OR(N16="",X16=""),"",IFERROR(ROUND(440*2^((12*(X16+1)+IFERROR(MATCH(S16,{"C","C#","D","D#","E","F","F#","G","G#","A","A#","B"},0)-1,MATCH(S16,{"C","Db","D","Eb","E","F","Gb","G","Ab","A","Bb","B"},0)-1)-69)/12),2),"")) | AD16: =IF(OR(O16="",Y16=""),"",IFERROR(ROUND(440*2^((12*(Y16+1)+IFERROR(MATCH(T16,{"C","C#","D","D#","E","F","F#","G","G#","A","A#","B"},0)-1,MATCH(T16,{"C","Db","D","Eb","E","F","Gb","G","Ab","A","Bb","B"},0)-1)-69)/12),2),"")) | AE16: =IF(OR(P16="",Z16=""),"",IFERROR(ROUND(440*2^((12*(Z16+1)+IFERROR(MATCH(U16,{"C","C#","D","D#","E","F","F#","G","G#","A","A#","B"},0)-1,MATCH(U16,{"C","Db","D","Eb","E","F","Gb","G","Ab","A","Bb","B"},0)-1)-69)/12),2),"")) | AF16: =IF(OR(Q16="",AA16=""),"",IFERROR(ROUND(440*2^((12*(AA16+1)+IFERROR(MATCH(V16,{"C","C#","D","D#","E","F","F#","G","G#","A","A#","B"},0)-1,MATCH(V16,{"C","Db","D","Eb","E","F","Gb","G","Ab","A","Bb","B"},0)-1)-69)/12),2),"")) | AJ16: Low | AK16: Low
A17: TEST_002 | B17: 5 | E17: 0.00625 | F17: 3.52 | G17: 6.55 | K17: 3.95 | L17: 7.13 | O17: A | P17: F#4 | Q17: A2 | R17: =IF(M17="","",LEFT(M17,LEN(M17)-1)) | S17: =IF(N17="","",LEFT(N17,LEN(N17)-1)) | T17: =IF(O17="","",LEFT(O17,LEN(O17)-1)) | U17: =IF(P17="","",LEFT(P17,LEN(P17)-1)) | V17: =IF(Q17="","",LEFT(Q17,LEN(Q17)-1)) | W17: =IF(M17="","",IFERROR(VALUE(RIGHT(M17,1)),"")) | X17: =IF(N17="","",IFERROR(VALUE(RIGHT(N17,1)),"")) | Y17: =IF(O17="","",IFERROR(VALUE(RIGHT(O17,1)),"")) | Z17: =IF(P17="","",IFERROR(VALUE(RIGHT(P17,1)),"")) | AA17: =IF(Q17="","",IFERROR(VALUE(RIGHT(Q17,1)),"")) | AB17: =IF(OR(M17="",W17=""),"",IFERROR(ROUND(440*2^((12*(W17+1)+IFERROR(MATCH(R17,{"C","C#","D","D#","E","F","F#","G","G#","A","A#","B"},0)-1,MATCH(R17,{"C","Db","D","Eb","E","F","Gb","G","Ab","A","Bb","B"},0)-1)-69)/12),2),"")) | AC17: =IF(OR(N17="",X17=""),"",IFERROR(ROUND(440*2^((12*(X17+1)+IFERROR(MATCH(S17,{"C","C#","D","D#","E","F","F#","G","G#","A","A#","B"},0)-1,MATCH(S17,{"C","Db","D","Eb","E","F","Gb","G","Ab","A","Bb","B"},0)-1)-69)/12),2),"")) | AD17: =IF(OR(O17="",Y17=""),"",IFERROR(ROUND(440*2^((12*(Y17+1)+IFERROR(MATCH(T17,{"C","C#","D","D#","E","F","F#","G","G#","A","A#","B"},0)-1,MATCH(T17,{"C","Db","D","Eb","E","F","Gb","G","Ab","A","Bb","B"},0)-1)-69)/12),2),"")) | AE17: =IF(OR(P17="",Z17=""),"",IFERROR(ROUND(440*2^((12*(Z17+1)+IFERROR(MATCH(U17,{"C","C#","D","D#","E","F","F#","G","G#","A","A#","B"},0)-1,MATCH(U17,{"C","Db","D","Eb","E","F","Gb","G","Ab","A","Bb","B"},0)-1)-69)/12),2),"")) | AF17: =IF(OR(Q17="",AA17=""),"",IFERROR(ROUND(440*2^((12*(AA17+1)+IFERROR(MATCH(V17,{"C","C#","D","D#","E","F","F#","G","G#","A","A#","B"},0)-1,MATCH(V17,{"C","Db","D","Eb","E","F","Gb","G","Ab","A","Bb","B"},0)-1)-69)/12),2),"")) | AJ17: Low | AK17: Low
A18: TEST_002 | B18: 6 | E18: 0.0069444444 | F18: 4.53 | G18: 7.95 | K18: 4.75 | L18: 8.13 | O18: D | P18: G3 | Q18: F#2 | R18: =IF(M18="","",LEFT(M18,LEN(M18)-1)) | S18: =IF(N18="","",LEFT(N18,LEN(N18)-1)) | T18: =IF(O18="","",LEFT(O18,LEN(O18)-1)) | U18: =IF(P18="","",LEFT(P18,LEN(P18)-1)) | V18: =IF(Q18="","",LEFT(Q18,LEN(Q18)-1)) | W18: =IF(M18="","",IFERROR(VALUE(RIGHT(M18,1)),"")) | X18: =IF(N18="","",IFERROR(VALUE(RIGHT(N18,1)),"")) | Y18: =IF(O18="","",IFERROR(VALUE(RIGHT(O18,1)),"")) | Z18: =IF(P18="","",IFERROR(VALUE(RIGHT(P18,1)),"")) | AA18: =IF(Q18="","",IFERROR(VALUE(RIGHT(Q18,1)),"")) | AB18: =IF(OR(M18="",W18=""),"",IFERROR(ROUND(440*2^((12*(W18+1)+IFERROR(MATCH(R18,{"C","C#","D","D#","E","F","F#","G","G#","A","A#","B"},0)-1,MATCH(R18,{"C","Db","D","Eb","E","F","Gb","G","Ab","A","Bb","B"},0)-1)-69)/12),2),"")) | AC18: =IF(OR(N18="",X18=""),"",IFERROR(ROUND(440*2^((12*(X18+1)+IFERROR(MATCH(S18,{"C","C#","D","D#","E","F","F#","G","G#","A","A#","B"},0)-1,MATCH(S18,{"C","Db","D","Eb","E","F","Gb","G","Ab","A","Bb","B"},0)-1)-69)/12),2),"")) | AD18: =IF(OR(O18="",Y18=""),"",IFERROR(ROUND(440*2^((12*(Y18+1)+IFERROR(MATCH(T18,{"C","C#","D","D#","E","F","F#","G","G#","A","A#","B"},0)-1,MATCH(T18,{"C","Db","D","Eb","E","F","Gb","G","Ab","A","Bb","B"},0)-1)-69)/12),2),"")) | AE18: =IF(OR(P18="",Z18=""),"",IFERROR(ROUND(440*2^((12*(Z18+1)+IFERROR(MATCH(U18,{"C","C#","D","D#","E","F","F#","G","G#","A","A#","B"},0)-1,MATCH(U18,{"C","Db","D","Eb","E","F","Gb","G","Ab","A","Bb","B"},0)-1)-69)/12),2),"")) | AF18: =IF(OR(Q18="",AA18=""),"",IFERROR(ROUND(440*2^((12*(AA18+1)+IFERROR(MATCH(V18,{"C","C#","D","D#","E","F","F#","G","G#","A","A#","B"},0)-1,MATCH(V18,{"C","Db","D","Eb","E","F","Gb","G","Ab","A","Bb","B"},0)-1)-69)/12),2),"")) | AJ18: Low | AK18: Low
A19: TEST_002 | B19: 7 | E19: 0.0076388889 | F19: 8.15 | G19: 8.16 | K19: 8.48 | L19: 9.01 | O19: F#m | P19: D3 | Q19: D#2 | R19: =IF(M19="","",LEFT(M19,LEN(M19)-1)) | S19: =IF(N19="","",LEFT(N19,LEN(N19)-1)) | T19: =IF(O19="","",LEFT(O19,LEN(O19)-1)) | U19: =IF(P19="","",LEFT(P19,LEN(P19)-1)) | V19: =IF(Q19="","",LEFT(Q19,LEN(Q19)-1)) | W19: =IF(M19="","",IFERROR(VALUE(RIGHT(M19,1)),"")) | X19: =IF(N19="","",IFERROR(VALUE(RIGHT(N19,1)),"")) | Y19: =IF(O19="","",IFERROR(VALUE(RIGHT(O19,1)),"")) | Z19: =IF(P19="","",IFERROR(VALUE(RIGHT(P19,1)),"")) | AA19: =IF(Q19="","",IFERROR(VALUE(RIGHT(Q19,1)),"")) | AB19: =IF(OR(M19="",W19=""),"",IFERROR(ROUND(440*2^((12*(W19+1)+IFERROR(MATCH(R19,{"C","C#","D","D#","E","F","F#","G","G#","A","A#","B"},0)-1,MATCH(R19,{"C","Db","D","Eb","E","F","Gb","G","Ab","A","Bb","B"},0)-1)-69)/12),2),"")) | AC19: =IF(OR(N19="",X19=""),"",IFERROR(ROUND(440*2^((12*(X19+1)+IFERROR(MATCH(S19,{"C","C#","D","D#","E","F","F#","G","G#","A","A#","B"},0)-1,MATCH(S19,{"C","Db","D","Eb","E","F","Gb","G","Ab","A","Bb","B"},0)-1)-69)/12),2),"")) | AD19: =IF(OR(O19="",Y19=""),"",IFERROR(ROUND(440*2^((12*(Y19+1)+IFERROR(MATCH(T19,{"C","C#","D","D#","E","F","F#","G","G#","A","A#","B"},0)-1,MATCH(T19,{"C","Db","D","Eb","E","F","Gb","G","Ab","A","Bb","B"},0)-1)-69)/12),2),"")) | AE19: =IF(OR(P19="",Z19=""),"",IFERROR(ROUND(440*2^((12*(Z19+1)+IFERROR(MATCH(U19,{"C","C#","D","D#","E","F","F#","G","G#","A","A#","B"},0)-1,MATCH(U19,{"C","Db","D","Eb","E","F","Gb","G","Ab","A","Bb","B"},0)-1)-69)/12),2),"")) | AF19: =IF(OR(Q19="",AA19=""),"",IFERROR(ROUND(440*2^((12*(AA19+1)+IFERROR(MATCH(V19,{"C","C#","D","D#","E","F","F#","G","G#","A","A#","B"},0)-1,MATCH(V19,{"C","Db","D","Eb","E","F","Gb","G","Ab","A","Bb","B"},0)-1)-69)/12),2),"")) | AJ19: Low | AK19: Low
A20: TEST_002 | B20: 8 | E20: 0.0083333333 | F20: 8.73 | G20: 10.74 | K20: 8.97 | L20: 10.95 | O20: Bm | P20: D3 | Q20: D#2 | R20: =IF(M20="","",LEFT(M20,LEN(M20)-1)) | S20: =IF(N20="","",LEFT(N20,LEN(N20)-1)) | T20: =IF(O20="","",LEFT(O20,LEN(O20)-1)) | U20: =IF(P20="","",LEFT(P20,LEN(P20)-1)) | V20: =IF(Q20="","",LEFT(Q20,LEN(Q20)-1)) | W20: =IF(M20="","",IFERROR(VALUE(RIGHT(M20,1)),"")) | X20: =IF(N20="","",IFERROR(VALUE(RIGHT(N20,1)),"")) | Y20: =IF(O20="","",IFERROR(VALUE(RIGHT(O20,1)),"")) | Z20: =IF(P20="","",IFERROR(VALUE(RIGHT(P20,1)),"")) | AA20: =IF(Q20="","",IFERROR(VALUE(RIGHT(Q20,1)),"")) | AB20: =IF(OR(M20="",W20=""),"",IFERROR(ROUND(440*2^((12*(W20+1)+IFERROR(MATCH(R20,{"C","C#","D","D#","E","F","F#","G","G#","A","A#","B"},0)-1,MATCH(R20,{"C","Db","D","Eb","E","F","Gb","G","Ab","A","Bb","B"},0)-1)-69)/12),2),"")) | AC20: =IF(OR(N20="",X20=""),"",IFERROR(ROUND(440*2^((12*(X20+1)+IFERROR(MATCH(S20,{"C","C#","D","D#","E","F","F#","G","G#","A","A#","B"},0)-1,MATCH(S20,{"C","Db","D","Eb","E","F","Gb","G","Ab","A","Bb","B"},0)-1)-69)/12),2),"")) | AD20: =IF(OR(O20="",Y20=""),"",IFERROR(ROUND(440*2^((12*(Y20+1)+IFERROR(MATCH(T20,{"C","C#","D","D#","E","F","F#","G","G#","A","A#","B"},0)-1,MATCH(T20,{"C","Db","D","Eb","E","F","Gb","G","Ab","A","Bb","B"},0)-1)-69)/12),2),"")) | AE20: =IF(OR(P20="",Z20=""),"",IFERROR(ROUND(440*2^((12*(Z20+1)+IFERROR(MATCH(U20,{"C","C#","D","D#","E","F","F#","G","G#","A","A#","B"},0)-1,MATCH(U20,{"C","Db","D","Eb","E","F","Gb","G","Ab","A","Bb","B"},0)-1)-69)/12),2),"")) | AF20: =IF(OR(Q20="",AA20=""),"",IFERROR(ROUND(440*2^((12*(AA20+1)+IFERROR(MATCH(V20,{"C","C#","D","D#","E","F","F#","G","G#","A","A#","B"},0)-1,MATCH(V20,{"C","Db","D","Eb","E","F","Gb","G","Ab","A","Bb","B"},0)-1)-69)/12),2),"")) | AJ20: Low | AK20: Low
A21: TEST_002 | B21: 9 | E21: 0.0090277778 | F21: 8.97 | G21: 11.51 | K21: 9.15 | L21: 11.8 | O21: A | P21: B2 | Q21: E3 | R21: =IF(M21="","",LEFT(M21,LEN(M21)-1)) | S21: =IF(N21="","",LEFT(N21,LEN(N21)-1)) | T21: =IF(O21="","",LEFT(O21,LEN(O21)-1)) | U21: =IF(P21="","",LEFT(P21,LEN(P21)-1)) | V21: =IF(Q21="","",LEFT(Q21,LEN(Q21)-1)) | W21: =IF(M21="","",IFERROR(VALUE(RIGHT(M21,1)),"")) | X21: =IF(N21="","",IFERROR(VALUE(RIGHT(N21,1)),"")) | Y21: =IF(O21="","",IFERROR(VALUE(RIGHT(O21,1)),"")) | Z21: =IF(P21="","",IFERROR(VALUE(RIGHT(P21,1)),"")) | AA21: =IF(Q21="","",IFERROR(VALUE(RIGHT(Q21,1)),"")) | AB21: =IF(OR(M21="",W21=""),"",IFERROR(ROUND(440*2^((12*(W21+1)+IFERROR(MATCH(R21,{"C","C#","D","D#","E","F","F#","G","G#","A","A#","B"},0)-1,MATCH(R21,{"C","Db","D","Eb","E","F","Gb","G","Ab","A","Bb","B"},0)-1)-69)/12),2),"")) | AC21: =IF(OR(N21="",X21=""),"",IFERROR(ROUND(440*2^((12*(X21+1)+IFERROR(MATCH(S21,{"C","C#","D","D#","E","F","F#","G","G#","A","A#","B"},0)-1,MATCH(S21,{"C","Db","D","Eb","E","F","Gb","G","Ab","A","Bb","B"},0)-1)-69)/12),2),"")) | AD21: =IF(OR(O21="",Y21=""),"",IFERROR(ROUND(440*2^((12*(Y21+1)+IFERROR(MATCH(T21,{"C","C#","D","D#","E","F","F#","G","G#","A","A#","B"},0)-1,MATCH(T21,{"C","Db","D","Eb","E","F","Gb","G","Ab","A","Bb","B"},0)-1)-69)/12),2),"")) | AE21: =IF(OR(P21="",Z21=""),"",IFERROR(ROUND(440*2^((12*(Z21+1)+IFERROR(MATCH(U21,{"C","C#","D","D#","E","F","F#","G","G#","A","A#","B"},0)-1,MATCH(U21,{"C","Db","D","Eb","E","F","Gb","G","Ab","A","Bb","B"},0)-1)-69)/12),2),"")) | AF21: =IF(OR(Q21="",AA21=""),"",IFERROR(ROUND(440*2^((12*(AA21+1)+IFERROR(MATCH(V21,{"C","C#","D","D#","E","F","F#","G","G#","A","A#","B"},0)-1,MATCH(V21,{"C","Db","D","Eb","E","F","Gb","G","Ab","A","Bb","B"},0)-1)-69)/12),2),"")) | AJ21: Low | AK21: Low
A22: TEST_002 | B22: 10 | E22: 0.0097222222 | F22: 9.58 | G22: 12.47 | K22: 9.72 | L22: 12.79 | O22: G | P22: A2 | Q22: G4 | R22: =IF(M22="","",LEFT(M22,LEN(M22)-1)) | S22: =IF(N22="","",LEFT(N22,LEN(N22)-1)) | T22: =IF(O22="","",LEFT(O22,LEN(O22)-1)) | U22: =IF(P22="","",LEFT(P22,LEN(P22)-1)) | V22: =IF(Q22="","",LEFT(Q22,LEN(Q22)-1)) | W22: =IF(M22="","",IFERROR(VALUE(RIGHT(M22,1)),"")) | X22: =IF(N22="","",IFERROR(VALUE(RIGHT(N22,1)),"")) | Y22: =IF(O22="","",IFERROR(VALUE(RIGHT(O22,1)),"")) | Z22: =IF(P22="","",IFERROR(VALUE(RIGHT(P22,1)),"")) | AA22: =IF(Q22="","",IFERROR(VALUE(RIGHT(Q22,1)),"")) | AB22: =IF(OR(M22="",W22=""),"",IFERROR(ROUND(440*2^((12*(W22+1)+IFERROR(MATCH(R22,{"C","C#","D","D#","E","F","F#","G","G#","A","A#","B"},0)-1,MATCH(R22,{"C","Db","D","Eb","E","F","Gb","G","Ab","A","Bb","B"},0)-1)-69)/12),2),"")) | AC22: =IF(OR(N22="",X22=""),"",IFERROR(ROUND(440*2^((12*(X22+1)+IFERROR(MATCH(S22,{"C","C#","D","D#","E","F","F#","G","G#","A","A#","B"},0)-1,MATCH(S22,{"C","Db","D","Eb","E","F","Gb","G","Ab","A","Bb","B"},0)-1)-69)/12),2),"")) | AD22: =IF(OR(O22="",Y22=""),"",IFERROR(ROUND(440*2^((12*(Y22+1)+IFERROR(MATCH(T22,{"C","C#","D","D#","E","F","F#","G","G#","A","A#","B"},0)-1,MATCH(T22,{"C","Db","D","Eb","E","F","Gb","G","Ab","A","Bb","B"},0)-1)-69)/12),2),"")) | AE22: =IF(OR(P22="",Z22=""),"",IFERROR(ROUND(440*2^((12*(Z22+1)+IFERROR(MATCH(U22,{"C","C#","D","D#","E","F","F#","G","G#","A","A#","B"},0)-1,MATCH(U22,{"C","Db","D","Eb","E","F","Gb","G","Ab","A","Bb","B"},0)-1)-69)/12),2),"")) | AF22: =IF(OR(Q22="",AA22=""),"",IFERROR(ROUND(440*2^((12*(AA22+1)+IFERROR(MATCH(V22,{"C","C#","D","D#","E","F","F#","G","G#","A","A#","B"},0)-1,MATCH(V22,{"C","Db","D","Eb","E","F","Gb","G","Ab","A","Bb","B"},0)-1)-69)/12),2),"")) | AJ22: Low | AK22: Low
A23: TEST_003 | B23: 1 | E23: 0.010416667 | F23: 1.02 | G23: 0.86 | K23: 1.15 | L23: 1.27 | N23: N/A | O23: N/A | P23: F3 | Q23: F2 | R23: =IF(M23="","",LEFT(M23,LEN(M23)-1)) | S23: =IF(N23="","",LEFT(N23,LEN(N23)-1)) | T23: =IF(O23="","",LEFT(O23,LEN(O23)-1)) | U23: =IF(P23="","",LEFT(P23,LEN(P23)-1)) | V23: =IF(Q23="","",LEFT(Q23,LEN(Q23)-1)) | W23: =IF(M23="","",IFERROR(VALUE(RIGHT(M23,1)),"")) | X23: =IF(N23="","",IFERROR(VALUE(RIGHT(N23,1)),"")) | Y23: =IF(O23="","",IFERROR(VALUE(RIGHT(O23,1)),"")) | Z23: =IF(P23="","",IFERROR(VALUE(RIGHT(P23,1)),"")) | AA23: =IF(Q23="","",IFERROR(VALUE(RIGHT(Q23,1)),"")) | AB23: =IF(OR(M23="",W23=""),"",IFERROR(ROUND(440*2^((12*(W23+1)+IFERROR(MATCH(R23,{"C","C#","D","D#","E","F","F#","G","G#","A","A#","B"},0)-1,MATCH(R23,{"C","Db","D","Eb","E","F","Gb","G","Ab","A","Bb","B"},0)-1)-69)/12),2),"")) | AC23: =IF(OR(N23="",X23=""),"",IFERROR(ROUND(440*2^((12*(X23+1)+IFERROR(MATCH(S23,{"C","C#","D","D#","E","F","F#","G","G#","A","A#","B"},0)-1,MATCH(S23,{"C","Db","D","Eb","E","F","Gb","G","Ab","A","Bb","B"},0)-1)-69)/12),2),"")) | AD23: =IF(OR(O23="",Y23=""),"",IFERROR(ROUND(440*2^((12*(Y23+1)+IFERROR(MATCH(T23,{"C","C#","D","D#","E","F","F#","G","G#","A","A#","B"},0)-1,MATCH(T23,{"C","Db","D","Eb","E","F","Gb","G","Ab","A","Bb","B"},0)-1)-69)/12),2),"")) | AE23: =IF(OR(P23="",Z23=""),"",IFERROR(ROUND(440*2^((12*(Z23+1)+IFERROR(MATCH(U23,{"C","C#","D","D#","E","F","F#","G","G#","A","A#","B"},0)-1,MATCH(U23,{"C","Db","D","Eb","E","F","Gb","G","Ab","A","Bb","B"},0)-1)-69)/12),2),"")) | AF23: =IF(OR(Q23="",AA23=""),"",IFERROR(ROUND(440*2^((12*(AA23+1)+IFERROR(MATCH(V23,{"C","C#","D","D#","E","F","F#","G","G#","A","A#","B"},0)-1,MATCH(V23,{"C","Db","D","Eb","E","F","Gb","G","Ab","A","Bb","B"},0)-1)-69)/12),2),"")) | AJ23: Low | AK23: Low | AL23: Other Repo = Essentia Melodia predominant-pitch notes; Claude = librosa pYIN notes (first 10 salient notes, rows NOT aligned across systems). Wilsify: backend has no note-transcription output. Chord AI: no note output available. Polyphonic guitar -> treat as unverified; engines often differ by an octave.
A24: TEST_003 | B24: 2 | E24: 0.011111111 | F24: 2.31 | G24: 3.2 | K24: 2.49 | L24: 4.1 | O24: D | P24: F3 | Q24: G3 | R24: =IF(M24="","",LEFT(M24,LEN(M24)-1)) | S24: =IF(N24="","",LEFT(N24,LEN(N24)-1)) | T24: =IF(O24="","",LEFT(O24,LEN(O24)-1)) | U24: =IF(P24="","",LEFT(P24,LEN(P24)-1)) | V24: =IF(Q24="","",LEFT(Q24,LEN(Q24)-1)) | W24: =IF(M24="","",IFERROR(VALUE(RIGHT(M24,1)),"")) | X24: =IF(N24="","",IFERROR(VALUE(RIGHT(N24,1)),"")) | Y24: =IF(O24="","",IFERROR(VALUE(RIGHT(O24,1)),"")) | Z24: =IF(P24="","",IFERROR(VALUE(RIGHT(P24,1)),"")) | AA24: =IF(Q24="","",IFERROR(VALUE(RIGHT(Q24,1)),"")) | AB24: =IF(OR(M24="",W24=""),"",IFERROR(ROUND(440*2^((12*(W24+1)+IFERROR(MATCH(R24,{"C","C#","D","D#","E","F","F#","G","G#","A","A#","B"},0)-1,MATCH(R24,{"C","Db","D","Eb","E","F","Gb","G","Ab","A","Bb","B"},0)-1)-69)/12),2),"")) | AC24: =IF(OR(N24="",X24=""),"",IFERROR(ROUND(440*2^((12*(X24+1)+IFERROR(MATCH(S24,{"C","C#","D","D#","E","F","F#","G","G#","A","A#","B"},0)-1,MATCH(S24,{"C","Db","D","Eb","E","F","Gb","G","Ab","A","Bb","B"},0)-1)-69)/12),2),"")) | AD24: =IF(OR(O24="",Y24=""),"",IFERROR(ROUND(440*2^((12*(Y24+1)+IFERROR(MATCH(T24,{"C","C#","D","D#","E","F","F#","G","G#","A","A#","B"},0)-1,MATCH(T24,{"C","Db","D","Eb","E","F","Gb","G","Ab","A","Bb","B"},0)-1)-69)/12),2),"")) | AE24: =IF(OR(P24="",Z24=""),"",IFERROR(ROUND(440*2^((12*(Z24+1)+IFERROR(MATCH(U24,{"C","C#","D","D#","E","F","F#","G","G#","A","A#","B"},0)-1,MATCH(U24,{"C","Db","D","Eb","E","F","Gb","G","Ab","A","Bb","B"},0)-1)-69)/12),2),"")) | AF24: =IF(OR(Q24="",AA24=""),"",IFERROR(ROUND(440*2^((12*(AA24+1)+IFERROR(MATCH(V24,{"C","C#","D","D#","E","F","F#","G","G#","A","A#","B"},0)-1,MATCH(V24,{"C","Db","D","Eb","E","F","Gb","G","Ab","A","Bb","B"},0)-1)-69)/12),2),"")) | AJ24: Low | AK24: Low
A25: TEST_003 | B25: 3 | E25: 0.011805556 | F25: 2.71 | G25: 4.13 | K25: 2.85 | L25: 4.5 | O25: A | P25: B3 | Q25: G3 | R25: =IF(M25="","",LEFT(M25,LEN(M25)-1)) | S25: =IF(N25="","",LEFT(N25,LEN(N25)-1)) | T25: =IF(O25="","",LEFT(O25,LEN(O25)-1)) | U25: =IF(P25="","",LEFT(P25,LEN(P25)-1)) | V25: =IF(Q25="","",LEFT(Q25,LEN(Q25)-1)) | W25: =IF(M25="","",IFERROR(VALUE(RIGHT(M25,1)),"")) | X25: =IF(N25="","",IFERROR(VALUE(RIGHT(N25,1)),"")) | Y25: =IF(O25="","",IFERROR(VALUE(RIGHT(O25,1)),"")) | Z25: =IF(P25="","",IFERROR(VALUE(RIGHT(P25,1)),"")) | AA25: =IF(Q25="","",IFERROR(VALUE(RIGHT(Q25,1)),"")) | AB25: =IF(OR(M25="",W25=""),"",IFERROR(ROUND(440*2^((12*(W25+1)+IFERROR(MATCH(R25,{"C","C#","D","D#","E","F","F#","G","G#","A","A#","B"},0)-1,MATCH(R25,{"C","Db","D","Eb","E","F","Gb","G","Ab","A","Bb","B"},0)-1)-69)/12),2),"")) | AC25: =IF(OR(N25="",X25=""),"",IFERROR(ROUND(440*2^((12*(X25+1)+IFERROR(MATCH(S25,{"C","C#","D","D#","E","F","F#","G","G#","A","A#","B"},0)-1,MATCH(S25,{"C","Db","D","Eb","E","F","Gb","G","Ab","A","Bb","B"},0)-1)-69)/12),2),"")) | AD25: =IF(OR(O25="",Y25=""),"",IFERROR(ROUND(440*2^((12*(Y25+1)+IFERROR(MATCH(T25,{"C","C#","D","D#","E","F","F#","G","G#","A","A#","B"},0)-1,MATCH(T25,{"C","Db","D","Eb","E","F","Gb","G","Ab","A","Bb","B"},0)-1)-69)/12),2),"")) | AE25: =IF(OR(P25="",Z25=""),"",IFERROR(ROUND(440*2^((12*(Z25+1)+IFERROR(MATCH(U25,{"C","C#","D","D#","E","F","F#","G","G#","A","A#","B"},0)-1,MATCH(U25,{"C","Db","D","Eb","E","F","Gb","G","Ab","A","Bb","B"},0)-1)-69)/12),2),"")) | AF25: =IF(OR(Q25="",AA25=""),"",IFERROR(ROUND(440*2^((12*(AA25+1)+IFERROR(MATCH(V25,{"C","C#","D","D#","E","F","F#","G","G#","A","A#","B"},0)-1,MATCH(V25,{"C","Db","D","Eb","E","F","Gb","G","Ab","A","Bb","B"},0)-1)-69)/12),2),"")) | AJ25: Low | AK25: Low
A26: TEST_003 | B26: 4 | F26: 2.96 | G26: 4.68 | K26: 3.17 | L26: 5.33 | P26: A3 | Q26: G3 | R26: =IF(M26="","",LEFT(M26,LEN(M26)-1)) | S26: =IF(N26="","",LEFT(N26,LEN(N26)-1)) | T26: =IF(O26="","",LEFT(O26,LEN(O26)-1)) | U26: =IF(P26="","",LEFT(P26,LEN(P26)-1)) | V26: =IF(Q26="","",LEFT(Q26,LEN(Q26)-1)) | W26: =IF(M26="","",IFERROR(VALUE(RIGHT(M26,1)),"")) | X26: =IF(N26="","",IFERROR(VALUE(RIGHT(N26,1)),"")) | Y26: =IF(O26="","",IFERROR(VALUE(RIGHT(O26,1)),"")) | Z26: =IF(P26="","",IFERROR(VALUE(RIGHT(P26,1)),"")) | AA26: =IF(Q26="","",IFERROR(VALUE(RIGHT(Q26,1)),"")) | AB26: =IF(OR(M26="",W26=""),"",IFERROR(ROUND(440*2^((12*(W26+1)+IFERROR(MATCH(R26,{"C","C#","D","D#","E","F","F#","G","G#","A","A#","B"},0)-1,MATCH(R26,{"C","Db","D","Eb","E","F","Gb","G","Ab","A","Bb","B"},0)-1)-69)/12),2),"")) | AC26: =IF(OR(N26="",X26=""),"",IFERROR(ROUND(440*2^((12*(X26+1)+IFERROR(MATCH(S26,{"C","C#","D","D#","E","F","F#","G","G#","A","A#","B"},0)-1,MATCH(S26,{"C","Db","D","Eb","E","F","Gb","G","Ab","A","Bb","B"},0)-1)-69)/12),2),"")) | AD26: =IF(OR(O26="",Y26=""),"",IFERROR(ROUND(440*2^((12*(Y26+1)+IFERROR(MATCH(T26,{"C","C#","D","D#","E","F","F#","G","G#","A","A#","B"},0)-1,MATCH(T26,{"C","Db","D","Eb","E","F","Gb","G","Ab","A","Bb","B"},0)-1)-69)/12),2),"")) | AE26: =IF(OR(P26="",Z26=""),"",IFERROR(ROUND(440*2^((12*(Z26+1)+IFERROR(MATCH(U26,{"C","C#","D","D#","E","F","F#","G","G#","A","A#","B"},0)-1,MATCH(U26,{"C","Db","D","Eb","E","F","Gb","G","Ab","A","Bb","B"},0)-1)-69)/12),2),"")) | AF26: =IF(OR(Q26="",AA26=""),"",IFERROR(ROUND(440*2^((12*(AA26+1)+IFERROR(MATCH(V26,{"C","C#","D","D#","E","F","F#","G","G#","A","A#","B"},0)-1,MATCH(V26,{"C","Db","D","Eb","E","F","Gb","G","Ab","A","Bb","B"},0)-1)-69)/12),2),"")) | AJ26: Low | AK26: Low
A27: TEST_003 | B27: 5 | F27: 3.39 | G27: 5.38 | K27: 4.12 | L27: 5.67 | P27: G3 | Q27: F3 | R27: =IF(M27="","",LEFT(M27,LEN(M27)-1)) | S27: =IF(N27="","",LEFT(N27,LEN(N27)-1)) | T27: =IF(O27="","",LEFT(O27,LEN(O27)-1)) | U27: =IF(P27="","",LEFT(P27,LEN(P27)-1)) | V27: =IF(Q27="","",LEFT(Q27,LEN(Q27)-1)) | W27: =IF(M27="","",IFERROR(VALUE(RIGHT(M27,1)),"")) | X27: =IF(N27="","",IFERROR(VALUE(RIGHT(N27,1)),"")) | Y27: =IF(O27="","",IFERROR(VALUE(RIGHT(O27,1)),"")) | Z27: =IF(P27="","",IFERROR(VALUE(RIGHT(P27,1)),"")) | AA27: =IF(Q27="","",IFERROR(VALUE(RIGHT(Q27,1)),"")) | AB27: =IF(OR(M27="",W27=""),"",IFERROR(ROUND(440*2^((12*(W27+1)+IFERROR(MATCH(R27,{"C","C#","D","D#","E","F","F#","G","G#","A","A#","B"},0)-1,MATCH(R27,{"C","Db","D","Eb","E","F","Gb","G","Ab","A","Bb","B"},0)-1)-69)/12),2),"")) | AC27: =IF(OR(N27="",X27=""),"",IFERROR(ROUND(440*2^((12*(X27+1)+IFERROR(MATCH(S27,{"C","C#","D","D#","E","F","F#","G","G#","A","A#","B"},0)-1,MATCH(S27,{"C","Db","D","Eb","E","F","Gb","G","Ab","A","Bb","B"},0)-1)-69)/12),2),"")) | AD27: =IF(OR(O27="",Y27=""),"",IFERROR(ROUND(440*2^((12*(Y27+1)+IFERROR(MATCH(T27,{"C","C#","D","D#","E","F","F#","G","G#","A","A#","B"},0)-1,MATCH(T27,{"C","Db","D","Eb","E","F","Gb","G","Ab","A","Bb","B"},0)-1)-69)/12),2),"")) | AE27: =IF(OR(P27="",Z27=""),"",IFERROR(ROUND(440*2^((12*(Z27+1)+IFERROR(MATCH(U27,{"C","C#","D","D#","E","F","F#","G","G#","A","A#","B"},0)-1,MATCH(U27,{"C","Db","D","Eb","E","F","Gb","G","Ab","A","Bb","B"},0)-1)-69)/12),2),"")) | AF27: =IF(OR(Q27="",AA27=""),"",IFERROR(ROUND(440*2^((12*(AA27+1)+IFERROR(MATCH(V27,{"C","C#","D","D#","E","F","F#","G","G#","A","A#","B"},0)-1,MATCH(V27,{"C","Db","D","Eb","E","F","Gb","G","Ab","A","Bb","B"},0)-1)-69)/12),2),"")) | AJ27: Low | AK27: Low
A28: TEST_003 | B28: 6 | F28: 4.12 | G28: 5.68 | K28: 4.46 | L28: 6.05 | P28: G3 | Q28: F3 | R28: =IF(M28="","",LEFT(M28,LEN(M28)-1)) | S28: =IF(N28="","",LEFT(N28,LEN(N28)-1)) | T28: =IF(O28="","",LEFT(O28,LEN(O28)-1)) | U28: =IF(P28="","",LEFT(P28,LEN(P28)-1)) | V28: =IF(Q28="","",LEFT(Q28,LEN(Q28)-1)) | W28: =IF(M28="","",IFERROR(VALUE(RIGHT(M28,1)),"")) | X28: =IF(N28="","",IFERROR(VALUE(RIGHT(N28,1)),"")) | Y28: =IF(O28="","",IFERROR(VALUE(RIGHT(O28,1)),"")) | Z28: =IF(P28="","",IFERROR(VALUE(RIGHT(P28,1)),"")) | AA28: =IF(Q28="","",IFERROR(VALUE(RIGHT(Q28,1)),"")) | AB28: =IF(OR(M28="",W28=""),"",IFERROR(ROUND(440*2^((12*(W28+1)+IFERROR(MATCH(R28,{"C","C#","D","D#","E","F","F#","G","G#","A","A#","B"},0)-1,MATCH(R28,{"C","Db","D","Eb","E","F","Gb","G","Ab","A","Bb","B"},0)-1)-69)/12),2),"")) | AC28: =IF(OR(N28="",X28=""),"",IFERROR(ROUND(440*2^((12*(X28+1)+IFERROR(MATCH(S28,{"C","C#","D","D#","E","F","F#","G","G#","A","A#","B"},0)-1,MATCH(S28,{"C","Db","D","Eb","E","F","Gb","G","Ab","A","Bb","B"},0)-1)-69)/12),2),"")) | AD28: =IF(OR(O28="",Y28=""),"",IFERROR(ROUND(440*2^((12*(Y28+1)+IFERROR(MATCH(T28,{"C","C#","D","D#","E","F","F#","G","G#","A","A#","B"},0)-1,MATCH(T28,{"C","Db","D","Eb","E","F","Gb","G","Ab","A","Bb","B"},0)-1)-69)/12),2),"")) | AE28: =IF(OR(P28="",Z28=""),"",IFERROR(ROUND(440*2^((12*(Z28+1)+IFERROR(MATCH(U28,{"C","C#","D","D#","E","F","F#","G","G#","A","A#","B"},0)-1,MATCH(U28,{"C","Db","D","Eb","E","F","Gb","G","Ab","A","Bb","B"},0)-1)-69)/12),2),"")) | AF28: =IF(OR(Q28="",AA28=""),"",IFERROR(ROUND(440*2^((12*(AA28+1)+IFERROR(MATCH(V28,{"C","C#","D","D#","E","F","F#","G","G#","A","A#","B"},0)-1,MATCH(V28,{"C","Db","D","Eb","E","F","Gb","G","Ab","A","Bb","B"},0)-1)-69)/12),2),"")) | AJ28: Low | AK28: Low
A29: TEST_003 | B29: 7 | F29: 4.53 | G29: 6.16 | K29: 4.7 | L29: 6.75 | P29: F3 | Q29: F3 | R29: =IF(M29="","",LEFT(M29,LEN(M29)-1)) | S29: =IF(N29="","",LEFT(N29,LEN(N29)-1)) | T29: =IF(O29="","",LEFT(O29,LEN(O29)-1)) | U29: =IF(P29="","",LEFT(P29,LEN(P29)-1)) | V29: =IF(Q29="","",LEFT(Q29,LEN(Q29)-1)) | W29: =IF(M29="","",IFERROR(VALUE(RIGHT(M29,1)),"")) | X29: =IF(N29="","",IFERROR(VALUE(RIGHT(N29,1)),"")) | Y29: =IF(O29="","",IFERROR(VALUE(RIGHT(O29,1)),"")) | Z29: =IF(P29="","",IFERROR(VALUE(RIGHT(P29,1)),"")) | AA29: =IF(Q29="","",IFERROR(VALUE(RIGHT(Q29,1)),"")) | AB29: =IF(OR(M29="",W29=""),"",IFERROR(ROUND(440*2^((12*(W29+1)+IFERROR(MATCH(R29,{"C","C#","D","D#","E","F","F#","G","G#","A","A#","B"},0)-1,MATCH(R29,{"C","Db","D","Eb","E","F","Gb","G","Ab","A","Bb","B"},0)-1)-69)/12),2),"")) | AC29: =IF(OR(N29="",X29=""),"",IFERROR(ROUND(440*2^((12*(X29+1)+IFERROR(MATCH(S29,{"C","C#","D","D#","E","F","F#","G","G#","A","A#","B"},0)-1,MATCH(S29,{"C","Db","D","Eb","E","F","Gb","G","Ab","A","Bb","B"},0)-1)-69)/12),2),"")) | AD29: =IF(OR(O29="",Y29=""),"",IFERROR(ROUND(440*2^((12*(Y29+1)+IFERROR(MATCH(T29,{"C","C#","D","D#","E","F","F#","G","G#","A","A#","B"},0)-1,MATCH(T29,{"C","Db","D","Eb","E","F","Gb","G","Ab","A","Bb","B"},0)-1)-69)/12),2),"")) | AE29: =IF(OR(P29="",Z29=""),"",IFERROR(ROUND(440*2^((12*(Z29+1)+IFERROR(MATCH(U29,{"C","C#","D","D#","E","F","F#","G","G#","A","A#","B"},0)-1,MATCH(U29,{"C","Db","D","Eb","E","F","Gb","G","Ab","A","Bb","B"},0)-1)-69)/12),2),"")) | AF29: =IF(OR(Q29="",AA29=""),"",IFERROR(ROUND(440*2^((12*(AA29+1)+IFERROR(MATCH(V29,{"C","C#","D","D#","E","F","F#","G","G#","A","A#","B"},0)-1,MATCH(V29,{"C","Db","D","Eb","E","F","Gb","G","Ab","A","Bb","B"},0)-1)-69)/12),2),"")) | AJ29: Low | AK29: Low
A30: TEST_003 | B30: 8 | F30: 6.22 | G30: 7 | K30: 7.05 | L30: 7.44 | P30: F3 | Q30: F3 | R30: =IF(M30="","",LEFT(M30,LEN(M30)-1)) | S30: =IF(N30="","",LEFT(N30,LEN(N30)-1)) | T30: =IF(O30="","",LEFT(O30,LEN(O30)-1)) | U30: =IF(P30="","",LEFT(P30,LEN(P30)-1)) | V30: =IF(Q30="","",LEFT(Q30,LEN(Q30)-1)) | W30: =IF(M30="","",IFERROR(VALUE(RIGHT(M30,1)),"")) | X30: =IF(N30="","",IFERROR(VALUE(RIGHT(N30,1)),"")) | Y30: =IF(O30="","",IFERROR(VALUE(RIGHT(O30,1)),"")) | Z30: =IF(P30="","",IFERROR(VALUE(RIGHT(P30,1)),"")) | AA30: =IF(Q30="","",IFERROR(VALUE(RIGHT(Q30,1)),"")) | AB30: =IF(OR(M30="",W30=""),"",IFERROR(ROUND(440*2^((12*(W30+1)+IFERROR(MATCH(R30,{"C","C#","D","D#","E","F","F#","G","G#","A","A#","B"},0)-1,MATCH(R30,{"C","Db","D","Eb","E","F","Gb","G","Ab","A","Bb","B"},0)-1)-69)/12),2),"")) | AC30: =IF(OR(N30="",X30=""),"",IFERROR(ROUND(440*2^((12*(X30+1)+IFERROR(MATCH(S30,{"C","C#","D","D#","E","F","F#","G","G#","A","A#","B"},0)-1,MATCH(S30,{"C","Db","D","Eb","E","F","Gb","G","Ab","A","Bb","B"},0)-1)-69)/12),2),"")) | AD30: =IF(OR(O30="",Y30=""),"",IFERROR(ROUND(440*2^((12*(Y30+1)+IFERROR(MATCH(T30,{"C","C#","D","D#","E","F","F#","G","G#","A","A#","B"},0)-1,MATCH(T30,{"C","Db","D","Eb","E","F","Gb","G","Ab","A","Bb","B"},0)-1)-69)/12),2),"")) | AE30: =IF(OR(P30="",Z30=""),"",IFERROR(ROUND(440*2^((12*(Z30+1)+IFERROR(MATCH(U30,{"C","C#","D","D#","E","F","F#","G","G#","A","A#","B"},0)-1,MATCH(U30,{"C","Db","D","Eb","E","F","Gb","G","Ab","A","Bb","B"},0)-1)-69)/12),2),"")) | AF30: =IF(OR(Q30="",AA30=""),"",IFERROR(ROUND(440*2^((12*(AA30+1)+IFERROR(MATCH(V30,{"C","C#","D","D#","E","F","F#","G","G#","A","A#","B"},0)-1,MATCH(V30,{"C","Db","D","Eb","E","F","Gb","G","Ab","A","Bb","B"},0)-1)-69)/12),2),"")) | AJ30: Low | AK30: Low
A31: TEST_003 | B31: 9 | F31: 8.23 | G31: 8.96 | K31: 8.42 | L31: 9.28 | P31: A3 | Q31: A#3 | R31: =IF(M31="","",LEFT(M31,LEN(M31)-1)) | S31: =IF(N31="","",LEFT(N31,LEN(N31)-1)) | T31: =IF(O31="","",LEFT(O31,LEN(O31)-1)) | U31: =IF(P31="","",LEFT(P31,LEN(P31)-1)) | V31: =IF(Q31="","",LEFT(Q31,LEN(Q31)-1)) | W31: =IF(M31="","",IFERROR(VALUE(RIGHT(M31,1)),"")) | X31: =IF(N31="","",IFERROR(VALUE(RIGHT(N31,1)),"")) | Y31: =IF(O31="","",IFERROR(VALUE(RIGHT(O31,1)),"")) | Z31: =IF(P31="","",IFERROR(VALUE(RIGHT(P31,1)),"")) | AA31: =IF(Q31="","",IFERROR(VALUE(RIGHT(Q31,1)),"")) | AB31: =IF(OR(M31="",W31=""),"",IFERROR(ROUND(440*2^((12*(W31+1)+IFERROR(MATCH(R31,{"C","C#","D","D#","E","F","F#","G","G#","A","A#","B"},0)-1,MATCH(R31,{"C","Db","D","Eb","E","F","Gb","G","Ab","A","Bb","B"},0)-1)-69)/12),2),"")) | AC31: =IF(OR(N31="",X31=""),"",IFERROR(ROUND(440*2^((12*(X31+1)+IFERROR(MATCH(S31,{"C","C#","D","D#","E","F","F#","G","G#","A","A#","B"},0)-1,MATCH(S31,{"C","Db","D","Eb","E","F","Gb","G","Ab","A","Bb","B"},0)-1)-69)/12),2),"")) | AD31: =IF(OR(O31="",Y31=""),"",IFERROR(ROUND(440*2^((12*(Y31+1)+IFERROR(MATCH(T31,{"C","C#","D","D#","E","F","F#","G","G#","A","A#","B"},0)-1,MATCH(T31,{"C","Db","D","Eb","E","F","Gb","G","Ab","A","Bb","B"},0)-1)-69)/12),2),"")) | AE31: =IF(OR(P31="",Z31=""),"",IFERROR(ROUND(440*2^((12*(Z31+1)+IFERROR(MATCH(U31,{"C","C#","D","D#","E","F","F#","G","G#","A","A#","B"},0)-1,MATCH(U31,{"C","Db","D","Eb","E","F","Gb","G","Ab","A","Bb","B"},0)-1)-69)/12),2),"")) | AF31: =IF(OR(Q31="",AA31=""),"",IFERROR(ROUND(440*2^((12*(AA31+1)+IFERROR(MATCH(V31,{"C","C#","D","D#","E","F","F#","G","G#","A","A#","B"},0)-1,MATCH(V31,{"C","Db","D","Eb","E","F","Gb","G","Ab","A","Bb","B"},0)-1)-69)/12),2),"")) | AJ31: Low | AK31: Low
A32: TEST_003 | B32: 10 | F32: 8.52 | G32: 9.94 | K32: 8.67 | L32: 10.74 | P32: F3 | Q32: G3 | R32: =IF(M32="","",LEFT(M32,LEN(M32)-1)) | S32: =IF(N32="","",LEFT(N32,LEN(N32)-1)) | T32: =IF(O32="","",LEFT(O32,LEN(O32)-1)) | U32: =IF(P32="","",LEFT(P32,LEN(P32)-1)) | V32: =IF(Q32="","",LEFT(Q32,LEN(Q32)-1)) | W32: =IF(M32="","",IFERROR(VALUE(RIGHT(M32,1)),"")) | X32: =IF(N32="","",IFERROR(VALUE(RIGHT(N32,1)),"")) | Y32: =IF(O32="","",IFERROR(VALUE(RIGHT(O32,1)),"")) | Z32: =IF(P32="","",IFERROR(VALUE(RIGHT(P32,1)),"")) | AA32: =IF(Q32="","",IFERROR(VALUE(RIGHT(Q32,1)),"")) | AB32: =IF(OR(M32="",W32=""),"",IFERROR(ROUND(440*2^((12*(W32+1)+IFERROR(MATCH(R32,{"C","C#","D","D#","E","F","F#","G","G#","A","A#","B"},0)-1,MATCH(R32,{"C","Db","D","Eb","E","F","Gb","G","Ab","A","Bb","B"},0)-1)-69)/12),2),"")) | AC32: =IF(OR(N32="",X32=""),"",IFERROR(ROUND(440*2^((12*(X32+1)+IFERROR(MATCH(S32,{"C","C#","D","D#","E","F","F#","G","G#","A","A#","B"},0)-1,MATCH(S32,{"C","Db","D","Eb","E","F","Gb","G","Ab","A","Bb","B"},0)-1)-69)/12),2),"")) | AD32: =IF(OR(O32="",Y32=""),"",IFERROR(ROUND(440*2^((12*(Y32+1)+IFERROR(MATCH(T32,{"C","C#","D","D#","E","F","F#","G","G#","A","A#","B"},0)-1,MATCH(T32,{"C","Db","D","Eb","E","F","Gb","G","Ab","A","Bb","B"},0)-1)-69)/12),2),"")) | AE32: =IF(OR(P32="",Z32=""),"",IFERROR(ROUND(440*2^((12*(Z32+1)+IFERROR(MATCH(U32,{"C","C#","D","D#","E","F","F#","G","G#","A","A#","B"},0)-1,MATCH(U32,{"C","Db","D","Eb","E","F","Gb","G","Ab","A","Bb","B"},0)-1)-69)/12),2),"")) | AF32: =IF(OR(Q32="",AA32=""),"",IFERROR(ROUND(440*2^((12*(AA32+1)+IFERROR(MATCH(V32,{"C","C#","D","D#","E","F","F#","G","G#","A","A#","B"},0)-1,MATCH(V32,{"C","Db","D","Eb","E","F","Gb","G","Ab","A","Bb","B"},0)-1)-69)/12),2),"")) | AJ32: Low | AK32: Low
A33: TEST_004 | B33: 1 | F33: 0.03 | G33: 1.95 | K33: 0.51 | L33: 2.14 | N33: N/A | O33: N/A | P33: G#3 | Q33: F#3 | R33: =IF(M33="","",LEFT(M33,LEN(M33)-1)) | S33: =IF(N33="","",LEFT(N33,LEN(N33)-1)) | T33: =IF(O33="","",LEFT(O33,LEN(O33)-1)) | U33: =IF(P33="","",LEFT(P33,LEN(P33)-1)) | V33: =IF(Q33="","",LEFT(Q33,LEN(Q33)-1)) | W33: =IF(M33="","",IFERROR(VALUE(RIGHT(M33,1)),"")) | X33: =IF(N33="","",IFERROR(VALUE(RIGHT(N33,1)),"")) | Y33: =IF(O33="","",IFERROR(VALUE(RIGHT(O33,1)),"")) | Z33: =IF(P33="","",IFERROR(VALUE(RIGHT(P33,1)),"")) | AA33: =IF(Q33="","",IFERROR(VALUE(RIGHT(Q33,1)),"")) | AB33: =IF(OR(M33="",W33=""),"",IFERROR(ROUND(440*2^((12*(W33+1)+IFERROR(MATCH(R33,{"C","C#","D","D#","E","F","F#","G","G#","A","A#","B"},0)-1,MATCH(R33,{"C","Db","D","Eb","E","F","Gb","G","Ab","A","Bb","B"},0)-1)-69)/12),2),"")) | AC33: =IF(OR(N33="",X33=""),"",IFERROR(ROUND(440*2^((12*(X33+1)+IFERROR(MATCH(S33,{"C","C#","D","D#","E","F","F#","G","G#","A","A#","B"},0)-1,MATCH(S33,{"C","Db","D","Eb","E","F","Gb","G","Ab","A","Bb","B"},0)-1)-69)/12),2),"")) | AD33: =IF(OR(O33="",Y33=""),"",IFERROR(ROUND(440*2^((12*(Y33+1)+IFERROR(MATCH(T33,{"C","C#","D","D#","E","F","F#","G","G#","A","A#","B"},0)-1,MATCH(T33,{"C","Db","D","Eb","E","F","Gb","G","Ab","A","Bb","B"},0)-1)-69)/12),2),"")) | AE33: =IF(OR(P33="",Z33=""),"",IFERROR(ROUND(440*2^((12*(Z33+1)+IFERROR(MATCH(U33,{"C","C#","D","D#","E","F","F#","G","G#","A","A#","B"},0)-1,MATCH(U33,{"C","Db","D","Eb","E","F","Gb","G","Ab","A","Bb","B"},0)-1)-69)/12),2),"")) | AF33: =IF(OR(Q33="",AA33=""),"",IFERROR(ROUND(440*2^((12*(AA33+1)+IFERROR(MATCH(V33,{"C","C#","D","D#","E","F","F#","G","G#","A","A#","B"},0)-1,MATCH(V33,{"C","Db","D","Eb","E","F","Gb","G","Ab","A","Bb","B"},0)-1)-69)/12),2),"")) | AJ33: Low | AK33: Low | AL33: Other Repo = Essentia Melodia predominant-pitch notes; Claude = librosa pYIN notes (first 10 salient notes, rows NOT aligned across systems). Wilsify: backend has no note-transcription output. Chord AI: no note output available. Polyphonic guitar -> treat as unverified; engines often differ by an octave.
A34: TEST_004 | B34: 2 | F34: 0.51 | G34: 2.15 | K34: 0.71 | L34: 2.82 | P34: A#4 | Q34: G#3 | R34: =IF(M34="","",LEFT(M34,LEN(M34)-1)) | S34: =IF(N34="","",LEFT(N34,LEN(N34)-1)) | T34: =IF(O34="","",LEFT(O34,LEN(O34)-1)) | U34: =IF(P34="","",LEFT(P34,LEN(P34)-1)) | V34: =IF(Q34="","",LEFT(Q34,LEN(Q34)-1)) | W34: =IF(M34="","",IFERROR(VALUE(RIGHT(M34,1)),"")) | X34: =IF(N34="","",IFERROR(VALUE(RIGHT(N34,1)),"")) | Y34: =IF(O34="","",IFERROR(VALUE(RIGHT(O34,1)),"")) | Z34: =IF(P34="","",IFERROR(VALUE(RIGHT(P34,1)),"")) | AA34: =IF(Q34="","",IFERROR(VALUE(RIGHT(Q34,1)),"")) | AB34: =IF(OR(M34="",W34=""),"",IFERROR(ROUND(440*2^((12*(W34+1)+IFERROR(MATCH(R34,{"C","C#","D","D#","E","F","F#","G","G#","A","A#","B"},0)-1,MATCH(R34,{"C","Db","D","Eb","E","F","Gb","G","Ab","A","Bb","B"},0)-1)-69)/12),2),"")) | AC34: =IF(OR(N34="",X34=""),"",IFERROR(ROUND(440*2^((12*(X34+1)+IFERROR(MATCH(S34,{"C","C#","D","D#","E","F","F#","G","G#","A","A#","B"},0)-1,MATCH(S34,{"C","Db","D","Eb","E","F","Gb","G","Ab","A","Bb","B"},0)-1)-69)/12),2),"")) | AD34: =IF(OR(O34="",Y34=""),"",IFERROR(ROUND(440*2^((12*(Y34+1)+IFERROR(MATCH(T34,{"C","C#","D","D#","E","F","F#","G","G#","A","A#","B"},0)-1,MATCH(T34,{"C","Db","D","Eb","E","F","Gb","G","Ab","A","Bb","B"},0)-1)-69)/12),2),"")) | AE34: =IF(OR(P34="",Z34=""),"",IFERROR(ROUND(440*2^((12*(Z34+1)+IFERROR(MATCH(U34,{"C","C#","D","D#","E","F","F#","G","G#","A","A#","B"},0)-1,MATCH(U34,{"C","Db","D","Eb","E","F","Gb","G","Ab","A","Bb","B"},0)-1)-69)/12),2),"")) | AF34: =IF(OR(Q34="",AA34=""),"",IFERROR(ROUND(440*2^((12*(AA34+1)+IFERROR(MATCH(V34,{"C","C#","D","D#","E","F","F#","G","G#","A","A#","B"},0)-1,MATCH(V34,{"C","Db","D","Eb","E","F","Gb","G","Ab","A","Bb","B"},0)-1)-69)/12),2),"")) | AJ34: Low | AK34: High
A35: TEST_004 | B35: 3 | F35: 8.79 | G35: 3.08 | K35: 8.91 | L35: 3.48 | P35: G#3 | Q35: B3 | R35: =IF(M35="","",LEFT(M35,LEN(M35)-1)) | S35: =IF(N35="","",LEFT(N35,LEN(N35)-1)) | T35: =IF(O35="","",LEFT(O35,LEN(O35)-1)) | U35: =IF(P35="","",LEFT(P35,LEN(P35)-1)) | V35: =IF(Q35="","",LEFT(Q35,LEN(Q35)-1)) | W35: =IF(M35="","",IFERROR(VALUE(RIGHT(M35,1)),"")) | X35: =IF(N35="","",IFERROR(VALUE(RIGHT(N35,1)),"")) | Y35: =IF(O35="","",IFERROR(VALUE(RIGHT(O35,1)),"")) | Z35: =IF(P35="","",IFERROR(VALUE(RIGHT(P35,1)),"")) | AA35: =IF(Q35="","",IFERROR(VALUE(RIGHT(Q35,1)),"")) | AB35: =IF(OR(M35="",W35=""),"",IFERROR(ROUND(440*2^((12*(W35+1)+IFERROR(MATCH(R35,{"C","C#","D","D#","E","F","F#","G","G#","A","A#","B"},0)-1,MATCH(R35,{"C","Db","D","Eb","E","F","Gb","G","Ab","A","Bb","B"},0)-1)-69)/12),2),"")) | AC35: =IF(OR(N35="",X35=""),"",IFERROR(ROUND(440*2^((12*(X35+1)+IFERROR(MATCH(S35,{"C","C#","D","D#","E","F","F#","G","G#","A","A#","B"},0)-1,MATCH(S35,{"C","Db","D","Eb","E","F","Gb","G","Ab","A","Bb","B"},0)-1)-69)/12),2),"")) | AD35: =IF(OR(O35="",Y35=""),"",IFERROR(ROUND(440*2^((12*(Y35+1)+IFERROR(MATCH(T35,{"C","C#","D","D#","E","F","F#","G","G#","A","A#","B"},0)-1,MATCH(T35,{"C","Db","D","Eb","E","F","Gb","G","Ab","A","Bb","B"},0)-1)-69)/12),2),"")) | AE35: =IF(OR(P35="",Z35=""),"",IFERROR(ROUND(440*2^((12*(Z35+1)+IFERROR(MATCH(U35,{"C","C#","D","D#","E","F","F#","G","G#","A","A#","B"},0)-1,MATCH(U35,{"C","Db","D","Eb","E","F","Gb","G","Ab","A","Bb","B"},0)-1)-69)/12),2),"")) | AF35: =IF(OR(Q35="",AA35=""),"",IFERROR(ROUND(440*2^((12*(AA35+1)+IFERROR(MATCH(V35,{"C","C#","D","D#","E","F","F#","G","G#","A","A#","B"},0)-1,MATCH(V35,{"C","Db","D","Eb","E","F","Gb","G","Ab","A","Bb","B"},0)-1)-69)/12),2),"")) | AJ35: Low | AK35: Low
A36: TEST_004 | B36: 4 | F36: 8.91 | G36: 4.92 | K36: 9.04 | L36: 6.22 | P36: F#3 | Q36: A2 | R36: =IF(M36="","",LEFT(M36,LEN(M36)-1)) | S36: =IF(N36="","",LEFT(N36,LEN(N36)-1)) | T36: =IF(O36="","",LEFT(O36,LEN(O36)-1)) | U36: =IF(P36="","",LEFT(P36,LEN(P36)-1)) | V36: =IF(Q36="","",LEFT(Q36,LEN(Q36)-1)) | W36: =IF(M36="","",IFERROR(VALUE(RIGHT(M36,1)),"")) | X36: =IF(N36="","",IFERROR(VALUE(RIGHT(N36,1)),"")) | Y36: =IF(O36="","",IFERROR(VALUE(RIGHT(O36,1)),"")) | Z36: =IF(P36="","",IFERROR(VALUE(RIGHT(P36,1)),"")) | AA36: =IF(Q36="","",IFERROR(VALUE(RIGHT(Q36,1)),"")) | AB36: =IF(OR(M36="",W36=""),"",IFERROR(ROUND(440*2^((12*(W36+1)+IFERROR(MATCH(R36,{"C","C#","D","D#","E","F","F#","G","G#","A","A#","B"},0)-1,MATCH(R36,{"C","Db","D","Eb","E","F","Gb","G","Ab","A","Bb","B"},0)-1)-69)/12),2),"")) | AC36: =IF(OR(N36="",X36=""),"",IFERROR(ROUND(440*2^((12*(X36+1)+IFERROR(MATCH(S36,{"C","C#","D","D#","E","F","F#","G","G#","A","A#","B"},0)-1,MATCH(S36,{"C","Db","D","Eb","E","F","Gb","G","Ab","A","Bb","B"},0)-1)-69)/12),2),"")) | AD36: =IF(OR(O36="",Y36=""),"",IFERROR(ROUND(440*2^((12*(Y36+1)+IFERROR(MATCH(T36,{"C","C#","D","D#","E","F","F#","G","G#","A","A#","B"},0)-1,MATCH(T36,{"C","Db","D","Eb","E","F","Gb","G","Ab","A","Bb","B"},0)-1)-69)/12),2),"")) | AE36: =IF(OR(P36="",Z36=""),"",IFERROR(ROUND(440*2^((12*(Z36+1)+IFERROR(MATCH(U36,{"C","C#","D","D#","E","F","F#","G","G#","A","A#","B"},0)-1,MATCH(U36,{"C","Db","D","Eb","E","F","Gb","G","Ab","A","Bb","B"},0)-1)-69)/12),2),"")) | AF36: =IF(OR(Q36="",AA36=""),"",IFERROR(ROUND(440*2^((12*(AA36+1)+IFERROR(MATCH(V36,{"C","C#","D","D#","E","F","F#","G","G#","A","A#","B"},0)-1,MATCH(V36,{"C","Db","D","Eb","E","F","Gb","G","Ab","A","Bb","B"},0)-1)-69)/12),2),"")) | AJ36: Low | AK36: Low
A37: TEST_004 | B37: 5 | F37: 9.04 | G37: 6.37 | K37: 9.2 | L37: 6.94 | P37: G#3 | Q37: E2 | R37: =IF(M37="","",LEFT(M37,LEN(M37)-1)) | S37: =IF(N37="","",LEFT(N37,LEN(N37)-1)) | T37: =IF(O37="","",LEFT(O37,LEN(O37)-1)) | U37: =IF(P37="","",LEFT(P37,LEN(P37)-1)) | V37: =IF(Q37="","",LEFT(Q37,LEN(Q37)-1)) | W37: =IF(M37="","",IFERROR(VALUE(RIGHT(M37,1)),"")) | X37: =IF(N37="","",IFERROR(VALUE(RIGHT(N37,1)),"")) | Y37: =IF(O37="","",IFERROR(VALUE(RIGHT(O37,1)),"")) | Z37: =IF(P37="","",IFERROR(VALUE(RIGHT(P37,1)),"")) | AA37: =IF(Q37="","",IFERROR(VALUE(RIGHT(Q37,1)),"")) | AB37: =IF(OR(M37="",W37=""),"",IFERROR(ROUND(440*2^((12*(W37+1)+IFERROR(MATCH(R37,{"C","C#","D","D#","E","F","F#","G","G#","A","A#","B"},0)-1,MATCH(R37,{"C","Db","D","Eb","E","F","Gb","G","Ab","A","Bb","B"},0)-1)-69)/12),2),"")) | AC37: =IF(OR(N37="",X37=""),"",IFERROR(ROUND(440*2^((12*(X37+1)+IFERROR(MATCH(S37,{"C","C#","D","D#","E","F","F#","G","G#","A","A#","B"},0)-1,MATCH(S37,{"C","Db","D","Eb","E","F","Gb","G","Ab","A","Bb","B"},0)-1)-69)/12),2),"")) | AD37: =IF(OR(O37="",Y37=""),"",IFERROR(ROUND(440*2^((12*(Y37+1)+IFERROR(MATCH(T37,{"C","C#","D","D#","E","F","F#","G","G#","A","A#","B"},0)-1,MATCH(T37,{"C","Db","D","Eb","E","F","Gb","G","Ab","A","Bb","B"},0)-1)-69)/12),2),"")) | AE37: =IF(OR(P37="",Z37=""),"",IFERROR(ROUND(440*2^((12*(Z37+1)+IFERROR(MATCH(U37,{"C","C#","D","D#","E","F","F#","G","G#","A","A#","B"},0)-1,MATCH(U37,{"C","Db","D","Eb","E","F","Gb","G","Ab","A","Bb","B"},0)-1)-69)/12),2),"")) | AF37: =IF(OR(Q37="",AA37=""),"",IFERROR(ROUND(440*2^((12*(AA37+1)+IFERROR(MATCH(V37,{"C","C#","D","D#","E","F","F#","G","G#","A","A#","B"},0)-1,MATCH(V37,{"C","Db","D","Eb","E","F","Gb","G","Ab","A","Bb","B"},0)-1)-69)/12),2),"")) | AJ37: Low | AK37: Low
A38: TEST_004 | B38: 6 | F38: 9.67 | G38: 6.98 | K38: 10.01 | L38: 7.52 | P38: A3 | Q38: B2 | R38: =IF(M38="","",LEFT(M38,LEN(M38)-1)) | S38: =IF(N38="","",LEFT(N38,LEN(N38)-1)) | T38: =IF(O38="","",LEFT(O38,LEN(O38)-1)) | U38: =IF(P38="","",LEFT(P38,LEN(P38)-1)) | V38: =IF(Q38="","",LEFT(Q38,LEN(Q38)-1)) | W38: =IF(M38="","",IFERROR(VALUE(RIGHT(M38,1)),"")) | X38: =IF(N38="","",IFERROR(VALUE(RIGHT(N38,1)),"")) | Y38: =IF(O38="","",IFERROR(VALUE(RIGHT(O38,1)),"")) | Z38: =IF(P38="","",IFERROR(VALUE(RIGHT(P38,1)),"")) | AA38: =IF(Q38="","",IFERROR(VALUE(RIGHT(Q38,1)),"")) | AB38: =IF(OR(M38="",W38=""),"",IFERROR(ROUND(440*2^((12*(W38+1)+IFERROR(MATCH(R38,{"C","C#","D","D#","E","F","F#","G","G#","A","A#","B"},0)-1,MATCH(R38,{"C","Db","D","Eb","E","F","Gb","G","Ab","A","Bb","B"},0)-1)-69)/12),2),"")) | AC38: =IF(OR(N38="",X38=""),"",IFERROR(ROUND(440*2^((12*(X38+1)+IFERROR(MATCH(S38,{"C","C#","D","D#","E","F","F#","G","G#","A","A#","B"},0)-1,MATCH(S38,{"C","Db","D","Eb","E","F","Gb","G","Ab","A","Bb","B"},0)-1)-69)/12),2),"")) | AD38: =IF(OR(O38="",Y38=""),"",IFERROR(ROUND(440*2^((12*(Y38+1)+IFERROR(MATCH(T38,{"C","C#","D","D#","E","F","F#","G","G#","A","A#","B"},0)-1,MATCH(T38,{"C","Db","D","Eb","E","F","Gb","G","Ab","A","Bb","B"},0)-1)-69)/12),2),"")) | AE38: =IF(OR(P38="",Z38=""),"",IFERROR(ROUND(440*2^((12*(Z38+1)+IFERROR(MATCH(U38,{"C","C#","D","D#","E","F","F#","G","G#","A","A#","B"},0)-1,MATCH(U38,{"C","Db","D","Eb","E","F","Gb","G","Ab","A","Bb","B"},0)-1)-69)/12),2),"")) | AF38: =IF(OR(Q38="",AA38=""),"",IFERROR(ROUND(440*2^((12*(AA38+1)+IFERROR(MATCH(V38,{"C","C#","D","D#","E","F","F#","G","G#","A","A#","B"},0)-1,MATCH(V38,{"C","Db","D","Eb","E","F","Gb","G","Ab","A","Bb","B"},0)-1)-69)/12),2),"")) | AJ38: Low | AK38: Medium
A39: TEST_004 | B39: 7 | F39: 10.12 | G39: 9.71 | K39: 10.44 | L39: 10.04 | P39: G#3 | Q39: A2 | R39: =IF(M39="","",LEFT(M39,LEN(M39)-1)) | S39: =IF(N39="","",LEFT(N39,LEN(N39)-1)) | T39: =IF(O39="","",LEFT(O39,LEN(O39)-1)) | U39: =IF(P39="","",LEFT(P39,LEN(P39)-1)) | V39: =IF(Q39="","",LEFT(Q39,LEN(Q39)-1)) | W39: =IF(M39="","",IFERROR(VALUE(RIGHT(M39,1)),"")) | X39: =IF(N39="","",IFERROR(VALUE(RIGHT(N39,1)),"")) | Y39: =IF(O39="","",IFERROR(VALUE(RIGHT(O39,1)),"")) | Z39: =IF(P39="","",IFERROR(VALUE(RIGHT(P39,1)),"")) | AA39: =IF(Q39="","",IFERROR(VALUE(RIGHT(Q39,1)),"")) | AB39: =IF(OR(M39="",W39=""),"",IFERROR(ROUND(440*2^((12*(W39+1)+IFERROR(MATCH(R39,{"C","C#","D","D#","E","F","F#","G","G#","A","A#","B"},0)-1,MATCH(R39,{"C","Db","D","Eb","E","F","Gb","G","Ab","A","Bb","B"},0)-1)-69)/12),2),"")) | AC39: =IF(OR(N39="",X39=""),"",IFERROR(ROUND(440*2^((12*(X39+1)+IFERROR(MATCH(S39,{"C","C#","D","D#","E","F","F#","G","G#","A","A#","B"},0)-1,MATCH(S39,{"C","Db","D","Eb","E","F","Gb","G","Ab","A","Bb","B"},0)-1)-69)/12),2),"")) | AD39: =IF(OR(O39="",Y39=""),"",IFERROR(ROUND(440*2^((12*(Y39+1)+IFERROR(MATCH(T39,{"C","C#","D","D#","E","F","F#","G","G#","A","A#","B"},0)-1,MATCH(T39,{"C","Db","D","Eb","E","F","Gb","G","Ab","A","Bb","B"},0)-1)-69)/12),2),"")) | AE39: =IF(OR(P39="",Z39=""),"",IFERROR(ROUND(440*2^((12*(Z39+1)+IFERROR(MATCH(U39,{"C","C#","D","D#","E","F","F#","G","G#","A","A#","B"},0)-1,MATCH(U39,{"C","Db","D","Eb","E","F","Gb","G","Ab","A","Bb","B"},0)-1)-69)/12),2),"")) | AF39: =IF(OR(Q39="",AA39=""),"",IFERROR(ROUND(440*2^((12*(AA39+1)+IFERROR(MATCH(V39,{"C","C#","D","D#","E","F","F#","G","G#","A","A#","B"},0)-1,MATCH(V39,{"C","Db","D","Eb","E","F","Gb","G","Ab","A","Bb","B"},0)-1)-69)/12),2),"")) | AJ39: Low | AK39: Low
A40: TEST_004 | B40: 8 | F40: 13.6 | G40: 10.15 | K40: 13.79 | L40: 10.53 | P40: G#3 | Q40: G#2 | R40: =IF(M40="","",LEFT(M40,LEN(M40)-1)) | S40: =IF(N40="","",LEFT(N40,LEN(N40)-1)) | T40: =IF(O40="","",LEFT(O40,LEN(O40)-1)) | U40: =IF(P40="","",LEFT(P40,LEN(P40)-1)) | V40: =IF(Q40="","",LEFT(Q40,LEN(Q40)-1)) | W40: =IF(M40="","",IFERROR(VALUE(RIGHT(M40,1)),"")) | X40: =IF(N40="","",IFERROR(VALUE(RIGHT(N40,1)),"")) | Y40: =IF(O40="","",IFERROR(VALUE(RIGHT(O40,1)),"")) | Z40: =IF(P40="","",IFERROR(VALUE(RIGHT(P40,1)),"")) | AA40: =IF(Q40="","",IFERROR(VALUE(RIGHT(Q40,1)),"")) | AB40: =IF(OR(M40="",W40=""),"",IFERROR(ROUND(440*2^((12*(W40+1)+IFERROR(MATCH(R40,{"C","C#","D","D#","E","F","F#","G","G#","A","A#","B"},0)-1,MATCH(R40,{"C","Db","D","Eb","E","F","Gb","G","Ab","A","Bb","B"},0)-1)-69)/12),2),"")) | AC40: =IF(OR(N40="",X40=""),"",IFERROR(ROUND(440*2^((12*(X40+1)+IFERROR(MATCH(S40,{"C","C#","D","D#","E","F","F#","G","G#","A","A#","B"},0)-1,MATCH(S40,{"C","Db","D","Eb","E","F","Gb","G","Ab","A","Bb","B"},0)-1)-69)/12),2),"")) | AD40: =IF(OR(O40="",Y40=""),"",IFERROR(ROUND(440*2^((12*(Y40+1)+IFERROR(MATCH(T40,{"C","C#","D","D#","E","F","F#","G","G#","A","A#","B"},0)-1,MATCH(T40,{"C","Db","D","Eb","E","F","Gb","G","Ab","A","Bb","B"},0)-1)-69)/12),2),"")) | AE40: =IF(OR(P40="",Z40=""),"",IFERROR(ROUND(440*2^((12*(Z40+1)+IFERROR(MATCH(U40,{"C","C#","D","D#","E","F","F#","G","G#","A","A#","B"},0)-1,MATCH(U40,{"C","Db","D","Eb","E","F","Gb","G","Ab","A","Bb","B"},0)-1)-69)/12),2),"")) | AF40: =IF(OR(Q40="",AA40=""),"",IFERROR(ROUND(440*2^((12*(AA40+1)+IFERROR(MATCH(V40,{"C","C#","D","D#","E","F","F#","G","G#","A","A#","B"},0)-1,MATCH(V40,{"C","Db","D","Eb","E","F","Gb","G","Ab","A","Bb","B"},0)-1)-69)/12),2),"")) | AJ40: Low | AK40: Low
A41: TEST_004 | B41: 9 | F41: 13.8 | G41: 10.63 | K41: 13.96 | L41: 10.91 | P41: F#3 | Q41: E3 | R41: =IF(M41="","",LEFT(M41,LEN(M41)-1)) | S41: =IF(N41="","",LEFT(N41,LEN(N41)-1)) | T41: =IF(O41="","",LEFT(O41,LEN(O41)-1)) | U41: =IF(P41="","",LEFT(P41,LEN(P41)-1)) | V41: =IF(Q41="","",LEFT(Q41,LEN(Q41)-1)) | W41: =IF(M41="","",IFERROR(VALUE(RIGHT(M41,1)),"")) | X41: =IF(N41="","",IFERROR(VALUE(RIGHT(N41,1)),"")) | Y41: =IF(O41="","",IFERROR(VALUE(RIGHT(O41,1)),"")) | Z41: =IF(P41="","",IFERROR(VALUE(RIGHT(P41,1)),"")) | AA41: =IF(Q41="","",IFERROR(VALUE(RIGHT(Q41,1)),"")) | AB41: =IF(OR(M41="",W41=""),"",IFERROR(ROUND(440*2^((12*(W41+1)+IFERROR(MATCH(R41,{"C","C#","D","D#","E","F","F#","G","G#","A","A#","B"},0)-1,MATCH(R41,{"C","Db","D","Eb","E","F","Gb","G","Ab","A","Bb","B"},0)-1)-69)/12),2),"")) | AC41: =IF(OR(N41="",X41=""),"",IFERROR(ROUND(440*2^((12*(X41+1)+IFERROR(MATCH(S41,{"C","C#","D","D#","E","F","F#","G","G#","A","A#","B"},0)-1,MATCH(S41,{"C","Db","D","Eb","E","F","Gb","G","Ab","A","Bb","B"},0)-1)-69)/12),2),"")) | AD41: =IF(OR(O41="",Y41=""),"",IFERROR(ROUND(440*2^((12*(Y41+1)+IFERROR(MATCH(T41,{"C","C#","D","D#","E","F","F#","G","G#","A","A#","B"},0)-1,MATCH(T41,{"C","Db","D","Eb","E","F","Gb","G","Ab","A","Bb","B"},0)-1)-69)/12),2),"")) | AE41: =IF(OR(P41="",Z41=""),"",IFERROR(ROUND(440*2^((12*(Z41+1)+IFERROR(MATCH(U41,{"C","C#","D","D#","E","F","F#","G","G#","A","A#","B"},0)-1,MATCH(U41,{"C","Db","D","Eb","E","F","Gb","G","Ab","A","Bb","B"},0)-1)-69)/12),2),"")) | AF41: =IF(OR(Q41="",AA41=""),"",IFERROR(ROUND(440*2^((12*(AA41+1)+IFERROR(MATCH(V41,{"C","C#","D","D#","E","F","F#","G","G#","A","A#","B"},0)-1,MATCH(V41,{"C","Db","D","Eb","E","F","Gb","G","Ab","A","Bb","B"},0)-1)-69)/12),2),"")) | AJ41: Low | AK41: Medium
A42: TEST_004 | B42: 10 | F42: 14.22 | G42: 12.24 | K42: 14.38 | L42: 12.71 | P42: A3 | Q42: E2 | R42: =IF(M42="","",LEFT(M42,LEN(M42)-1)) | S42: =IF(N42="","",LEFT(N42,LEN(N42)-1)) | T42: =IF(O42="","",LEFT(O42,LEN(O42)-1)) | U42: =IF(P42="","",LEFT(P42,LEN(P42)-1)) | V42: =IF(Q42="","",LEFT(Q42,LEN(Q42)-1)) | W42: =IF(M42="","",IFERROR(VALUE(RIGHT(M42,1)),"")) | X42: =IF(N42="","",IFERROR(VALUE(RIGHT(N42,1)),"")) | Y42: =IF(O42="","",IFERROR(VALUE(RIGHT(O42,1)),"")) | Z42: =IF(P42="","",IFERROR(VALUE(RIGHT(P42,1)),"")) | AA42: =IF(Q42="","",IFERROR(VALUE(RIGHT(Q42,1)),"")) | AB42: =IF(OR(M42="",W42=""),"",IFERROR(ROUND(440*2^((12*(W42+1)+IFERROR(MATCH(R42,{"C","C#","D","D#","E","F","F#","G","G#","A","A#","B"},0)-1,MATCH(R42,{"C","Db","D","Eb","E","F","Gb","G","Ab","A","Bb","B"},0)-1)-69)/12),2),"")) | AC42: =IF(OR(N42="",X42=""),"",IFERROR(ROUND(440*2^((12*(X42+1)+IFERROR(MATCH(S42,{"C","C#","D","D#","E","F","F#","G","G#","A","A#","B"},0)-1,MATCH(S42,{"C","Db","D","Eb","E","F","Gb","G","Ab","A","Bb","B"},0)-1)-69)/12),2),"")) | AD42: =IF(OR(O42="",Y42=""),"",IFERROR(ROUND(440*2^((12*(Y42+1)+IFERROR(MATCH(T42,{"C","C#","D","D#","E","F","F#","G","G#","A","A#","B"},0)-1,MATCH(T42,{"C","Db","D","Eb","E","F","Gb","G","Ab","A","Bb","B"},0)-1)-69)/12),2),"")) | AE42: =IF(OR(P42="",Z42=""),"",IFERROR(ROUND(440*2^((12*(Z42+1)+IFERROR(MATCH(U42,{"C","C#","D","D#","E","F","F#","G","G#","A","A#","B"},0)-1,MATCH(U42,{"C","Db","D","Eb","E","F","Gb","G","Ab","A","Bb","B"},0)-1)-69)/12),2),"")) | AF42: =IF(OR(Q42="",AA42=""),"",IFERROR(ROUND(440*2^((12*(AA42+1)+IFERROR(MATCH(V42,{"C","C#","D","D#","E","F","F#","G","G#","A","A#","B"},0)-1,MATCH(V42,{"C","Db","D","Eb","E","F","Gb","G","Ab","A","Bb","B"},0)-1)-69)/12),2),"")) | AJ42: Low | AK42: Low
A43: TEST_005 | B43: 1 | F43: 0.45 | G43: 0.5 | K43: 0.59 | L43: 0.82 | N43: N/A | O43: N/A | P43: F#4 | Q43: F#3 | R43: =IF(M43="","",LEFT(M43,LEN(M43)-1)) | S43: =IF(N43="","",LEFT(N43,LEN(N43)-1)) | T43: =IF(O43="","",LEFT(O43,LEN(O43)-1)) | U43: =IF(P43="","",LEFT(P43,LEN(P43)-1)) | V43: =IF(Q43="","",LEFT(Q43,LEN(Q43)-1)) | W43: =IF(M43="","",IFERROR(VALUE(RIGHT(M43,1)),"")) | X43: =IF(N43="","",IFERROR(VALUE(RIGHT(N43,1)),"")) | Y43: =IF(O43="","",IFERROR(VALUE(RIGHT(O43,1)),"")) | Z43: =IF(P43="","",IFERROR(VALUE(RIGHT(P43,1)),"")) | AA43: =IF(Q43="","",IFERROR(VALUE(RIGHT(Q43,1)),"")) | AB43: =IF(OR(M43="",W43=""),"",IFERROR(ROUND(440*2^((12*(W43+1)+IFERROR(MATCH(R43,{"C","C#","D","D#","E","F","F#","G","G#","A","A#","B"},0)-1,MATCH(R43,{"C","Db","D","Eb","E","F","Gb","G","Ab","A","Bb","B"},0)-1)-69)/12),2),"")) | AC43: =IF(OR(N43="",X43=""),"",IFERROR(ROUND(440*2^((12*(X43+1)+IFERROR(MATCH(S43,{"C","C#","D","D#","E","F","F#","G","G#","A","A#","B"},0)-1,MATCH(S43,{"C","Db","D","Eb","E","F","Gb","G","Ab","A","Bb","B"},0)-1)-69)/12),2),"")) | AD43: =IF(OR(O43="",Y43=""),"",IFERROR(ROUND(440*2^((12*(Y43+1)+IFERROR(MATCH(T43,{"C","C#","D","D#","E","F","F#","G","G#","A","A#","B"},0)-1,MATCH(T43,{"C","Db","D","Eb","E","F","Gb","G","Ab","A","Bb","B"},0)-1)-69)/12),2),"")) | AE43: =IF(OR(P43="",Z43=""),"",IFERROR(ROUND(440*2^((12*(Z43+1)+IFERROR(MATCH(U43,{"C","C#","D","D#","E","F","F#","G","G#","A","A#","B"},0)-1,MATCH(U43,{"C","Db","D","Eb","E","F","Gb","G","Ab","A","Bb","B"},0)-1)-69)/12),2),"")) | AF43: =IF(OR(Q43="",AA43=""),"",IFERROR(ROUND(440*2^((12*(AA43+1)+IFERROR(MATCH(V43,{"C","C#","D","D#","E","F","F#","G","G#","A","A#","B"},0)-1,MATCH(V43,{"C","Db","D","Eb","E","F","Gb","G","Ab","A","Bb","B"},0)-1)-69)/12),2),"")) | AJ43: Low | AK43: Low | AL43: Other Repo = Essentia Melodia predominant-pitch notes; Claude = librosa pYIN notes (first 10 salient notes, rows NOT aligned across systems). Wilsify: backend has no note-transcription output. Chord AI: no note output available. Polyphonic guitar -> treat as unverified; engines often differ by an octave.
A44: TEST_005 | B44: 2 | F44: 0.6 | G44: 1.25 | K44: 0.83 | L44: 1.54 | P44: F#4 | Q44: D#2 | R44: =IF(M44="","",LEFT(M44,LEN(M44)-1)) | S44: =IF(N44="","",LEFT(N44,LEN(N44)-1)) | T44: =IF(O44="","",LEFT(O44,LEN(O44)-1)) | U44: =IF(P44="","",LEFT(P44,LEN(P44)-1)) | V44: =IF(Q44="","",LEFT(Q44,LEN(Q44)-1)) | W44: =IF(M44="","",IFERROR(VALUE(RIGHT(M44,1)),"")) | X44: =IF(N44="","",IFERROR(VALUE(RIGHT(N44,1)),"")) | Y44: =IF(O44="","",IFERROR(VALUE(RIGHT(O44,1)),"")) | Z44: =IF(P44="","",IFERROR(VALUE(RIGHT(P44,1)),"")) | AA44: =IF(Q44="","",IFERROR(VALUE(RIGHT(Q44,1)),"")) | AB44: =IF(OR(M44="",W44=""),"",IFERROR(ROUND(440*2^((12*(W44+1)+IFERROR(MATCH(R44,{"C","C#","D","D#","E","F","F#","G","G#","A","A#","B"},0)-1,MATCH(R44,{"C","Db","D","Eb","E","F","Gb","G","Ab","A","Bb","B"},0)-1)-69)/12),2),"")) | AC44: =IF(OR(N44="",X44=""),"",IFERROR(ROUND(440*2^((12*(X44+1)+IFERROR(MATCH(S44,{"C","C#","D","D#","E","F","F#","G","G#","A","A#","B"},0)-1,MATCH(S44,{"C","Db","D","Eb","E","F","Gb","G","Ab","A","Bb","B"},0)-1)-69)/12),2),"")) | AD44: =IF(OR(O44="",Y44=""),"",IFERROR(ROUND(440*2^((12*(Y44+1)+IFERROR(MATCH(T44,{"C","C#","D","D#","E","F","F#","G","G#","A","A#","B"},0)-1,MATCH(T44,{"C","Db","D","Eb","E","F","Gb","G","Ab","A","Bb","B"},0)-1)-69)/12),2),"")) | AE44: =IF(OR(P44="",Z44=""),"",IFERROR(ROUND(440*2^((12*(Z44+1)+IFERROR(MATCH(U44,{"C","C#","D","D#","E","F","F#","G","G#","A","A#","B"},0)-1,MATCH(U44,{"C","Db","D","Eb","E","F","Gb","G","Ab","A","Bb","B"},0)-1)-69)/12),2),"")) | AF44: =IF(OR(Q44="",AA44=""),"",IFERROR(ROUND(440*2^((12*(AA44+1)+IFERROR(MATCH(V44,{"C","C#","D","D#","E","F","F#","G","G#","A","A#","B"},0)-1,MATCH(V44,{"C","Db","D","Eb","E","F","Gb","G","Ab","A","Bb","B"},0)-1)-69)/12),2),"")) | AJ44: Low | AK44: Low
A45: TEST_005 | B45: 3 | F45: 2.28 | G45: 1.94 | K45: 2.79 | L45: 2.12 | P45: A#3 | Q45: G3 | R45: =IF(M45="","",LEFT(M45,LEN(M45)-1)) | S45: =IF(N45="","",LEFT(N45,LEN(N45)-1)) | T45: =IF(O45="","",LEFT(O45,LEN(O45)-1)) | U45: =IF(P45="","",LEFT(P45,LEN(P45)-1)) | V45: =IF(Q45="","",LEFT(Q45,LEN(Q45)-1)) | W45: =IF(M45="","",IFERROR(VALUE(RIGHT(M45,1)),"")) | X45: =IF(N45="","",IFERROR(VALUE(RIGHT(N45,1)),"")) | Y45: =IF(O45="","",IFERROR(VALUE(RIGHT(O45,1)),"")) | Z45: =IF(P45="","",IFERROR(VALUE(RIGHT(P45,1)),"")) | AA45: =IF(Q45="","",IFERROR(VALUE(RIGHT(Q45,1)),"")) | AB45: =IF(OR(M45="",W45=""),"",IFERROR(ROUND(440*2^((12*(W45+1)+IFERROR(MATCH(R45,{"C","C#","D","D#","E","F","F#","G","G#","A","A#","B"},0)-1,MATCH(R45,{"C","Db","D","Eb","E","F","Gb","G","Ab","A","Bb","B"},0)-1)-69)/12),2),"")) | AC45: =IF(OR(N45="",X45=""),"",IFERROR(ROUND(440*2^((12*(X45+1)+IFERROR(MATCH(S45,{"C","C#","D","D#","E","F","F#","G","G#","A","A#","B"},0)-1,MATCH(S45,{"C","Db","D","Eb","E","F","Gb","G","Ab","A","Bb","B"},0)-1)-69)/12),2),"")) | AD45: =IF(OR(O45="",Y45=""),"",IFERROR(ROUND(440*2^((12*(Y45+1)+IFERROR(MATCH(T45,{"C","C#","D","D#","E","F","F#","G","G#","A","A#","B"},0)-1,MATCH(T45,{"C","Db","D","Eb","E","F","Gb","G","Ab","A","Bb","B"},0)-1)-69)/12),2),"")) | AE45: =IF(OR(P45="",Z45=""),"",IFERROR(ROUND(440*2^((12*(Z45+1)+IFERROR(MATCH(U45,{"C","C#","D","D#","E","F","F#","G","G#","A","A#","B"},0)-1,MATCH(U45,{"C","Db","D","Eb","E","F","Gb","G","Ab","A","Bb","B"},0)-1)-69)/12),2),"")) | AF45: =IF(OR(Q45="",AA45=""),"",IFERROR(ROUND(440*2^((12*(AA45+1)+IFERROR(MATCH(V45,{"C","C#","D","D#","E","F","F#","G","G#","A","A#","B"},0)-1,MATCH(V45,{"C","Db","D","Eb","E","F","Gb","G","Ab","A","Bb","B"},0)-1)-69)/12),2),"")) | AJ45: Low | AK45: Low
A46: TEST_005 | B46: 4 | F46: 2.79 | G46: 2.26 | K46: 3.67 | L46: 2.81 | P46: C4 | Q46: A#3 | R46: =IF(M46="","",LEFT(M46,LEN(M46)-1)) | S46: =IF(N46="","",LEFT(N46,LEN(N46)-1)) | T46: =IF(O46="","",LEFT(O46,LEN(O46)-1)) | U46: =IF(P46="","",LEFT(P46,LEN(P46)-1)) | V46: =IF(Q46="","",LEFT(Q46,LEN(Q46)-1)) | W46: =IF(M46="","",IFERROR(VALUE(RIGHT(M46,1)),"")) | X46: =IF(N46="","",IFERROR(VALUE(RIGHT(N46,1)),"")) | Y46: =IF(O46="","",IFERROR(VALUE(RIGHT(O46,1)),"")) | Z46: =IF(P46="","",IFERROR(VALUE(RIGHT(P46,1)),"")) | AA46: =IF(Q46="","",IFERROR(VALUE(RIGHT(Q46,1)),"")) | AB46: =IF(OR(M46="",W46=""),"",IFERROR(ROUND(440*2^((12*(W46+1)+IFERROR(MATCH(R46,{"C","C#","D","D#","E","F","F#","G","G#","A","A#","B"},0)-1,MATCH(R46,{"C","Db","D","Eb","E","F","Gb","G","Ab","A","Bb","B"},0)-1)-69)/12),2),"")) | AC46: =IF(OR(N46="",X46=""),"",IFERROR(ROUND(440*2^((12*(X46+1)+IFERROR(MATCH(S46,{"C","C#","D","D#","E","F","F#","G","G#","A","A#","B"},0)-1,MATCH(S46,{"C","Db","D","Eb","E","F","Gb","G","Ab","A","Bb","B"},0)-1)-69)/12),2),"")) | AD46: =IF(OR(O46="",Y46=""),"",IFERROR(ROUND(440*2^((12*(Y46+1)+IFERROR(MATCH(T46,{"C","C#","D","D#","E","F","F#","G","G#","A","A#","B"},0)-1,MATCH(T46,{"C","Db","D","Eb","E","F","Gb","G","Ab","A","Bb","B"},0)-1)-69)/12),2),"")) | AE46: =IF(OR(P46="",Z46=""),"",IFERROR(ROUND(440*2^((12*(Z46+1)+IFERROR(MATCH(U46,{"C","C#","D","D#","E","F","F#","G","G#","A","A#","B"},0)-1,MATCH(U46,{"C","Db","D","Eb","E","F","Gb","G","Ab","A","Bb","B"},0)-1)-69)/12),2),"")) | AF46: =IF(OR(Q46="",AA46=""),"",IFERROR(ROUND(440*2^((12*(AA46+1)+IFERROR(MATCH(V46,{"C","C#","D","D#","E","F","F#","G","G#","A","A#","B"},0)-1,MATCH(V46,{"C","Db","D","Eb","E","F","Gb","G","Ab","A","Bb","B"},0)-1)-69)/12),2),"")) | AJ46: Low | AK46: Medium
A47: TEST_005 | B47: 5 | F47: 3.78 | G47: 3.96 | K47: 3.93 | L47: 4.38 | P47: B3 | Q47: A#3 | R47: =IF(M47="","",LEFT(M47,LEN(M47)-1)) | S47: =IF(N47="","",LEFT(N47,LEN(N47)-1)) | T47: =IF(O47="","",LEFT(O47,LEN(O47)-1)) | U47: =IF(P47="","",LEFT(P47,LEN(P47)-1)) | V47: =IF(Q47="","",LEFT(Q47,LEN(Q47)-1)) | W47: =IF(M47="","",IFERROR(VALUE(RIGHT(M47,1)),"")) | X47: =IF(N47="","",IFERROR(VALUE(RIGHT(N47,1)),"")) | Y47: =IF(O47="","",IFERROR(VALUE(RIGHT(O47,1)),"")) | Z47: =IF(P47="","",IFERROR(VALUE(RIGHT(P47,1)),"")) | AA47: =IF(Q47="","",IFERROR(VALUE(RIGHT(Q47,1)),"")) | AB47: =IF(OR(M47="",W47=""),"",IFERROR(ROUND(440*2^((12*(W47+1)+IFERROR(MATCH(R47,{"C","C#","D","D#","E","F","F#","G","G#","A","A#","B"},0)-1,MATCH(R47,{"C","Db","D","Eb","E","F","Gb","G","Ab","A","Bb","B"},0)-1)-69)/12),2),"")) | AC47: =IF(OR(N47="",X47=""),"",IFERROR(ROUND(440*2^((12*(X47+1)+IFERROR(MATCH(S47,{"C","C#","D","D#","E","F","F#","G","G#","A","A#","B"},0)-1,MATCH(S47,{"C","Db","D","Eb","E","F","Gb","G","Ab","A","Bb","B"},0)-1)-69)/12),2),"")) | AD47: =IF(OR(O47="",Y47=""),"",IFERROR(ROUND(440*2^((12*(Y47+1)+IFERROR(MATCH(T47,{"C","C#","D","D#","E","F","F#","G","G#","A","A#","B"},0)-1,MATCH(T47,{"C","Db","D","Eb","E","F","Gb","G","Ab","A","Bb","B"},0)-1)-69)/12),2),"")) | AE47: =IF(OR(P47="",Z47=""),"",IFERROR(ROUND(440*2^((12*(Z47+1)+IFERROR(MATCH(U47,{"C","C#","D","D#","E","F","F#","G","G#","A","A#","B"},0)-1,MATCH(U47,{"C","Db","D","Eb","E","F","Gb","G","Ab","A","Bb","B"},0)-1)-69)/12),2),"")) | AF47: =IF(OR(Q47="",AA47=""),"",IFERROR(ROUND(440*2^((12*(AA47+1)+IFERROR(MATCH(V47,{"C","C#","D","D#","E","F","F#","G","G#","A","A#","B"},0)-1,MATCH(V47,{"C","Db","D","Eb","E","F","Gb","G","Ab","A","Bb","B"},0)-1)-69)/12),2),"")) | AJ47: Low | AK47: Medium
A48: TEST_005 | B48: 6 | F48: 3.94 | G48: 4.4 | K48: 4.35 | L48: 4.57 | P48: A#3 | Q48: C4 | R48: =IF(M48="","",LEFT(M48,LEN(M48)-1)) | S48: =IF(N48="","",LEFT(N48,LEN(N48)-1)) | T48: =IF(O48="","",LEFT(O48,LEN(O48)-1)) | U48: =IF(P48="","",LEFT(P48,LEN(P48)-1)) | V48: =IF(Q48="","",LEFT(Q48,LEN(Q48)-1)) | W48: =IF(M48="","",IFERROR(VALUE(RIGHT(M48,1)),"")) | X48: =IF(N48="","",IFERROR(VALUE(RIGHT(N48,1)),"")) | Y48: =IF(O48="","",IFERROR(VALUE(RIGHT(O48,1)),"")) | Z48: =IF(P48="","",IFERROR(VALUE(RIGHT(P48,1)),"")) | AA48: =IF(Q48="","",IFERROR(VALUE(RIGHT(Q48,1)),"")) | AB48: =IF(OR(M48="",W48=""),"",IFERROR(ROUND(440*2^((12*(W48+1)+IFERROR(MATCH(R48,{"C","C#","D","D#","E","F","F#","G","G#","A","A#","B"},0)-1,MATCH(R48,{"C","Db","D","Eb","E","F","Gb","G","Ab","A","Bb","B"},0)-1)-69)/12),2),"")) | AC48: =IF(OR(N48="",X48=""),"",IFERROR(ROUND(440*2^((12*(X48+1)+IFERROR(MATCH(S48,{"C","C#","D","D#","E","F","F#","G","G#","A","A#","B"},0)-1,MATCH(S48,{"C","Db","D","Eb","E","F","Gb","G","Ab","A","Bb","B"},0)-1)-69)/12),2),"")) | AD48: =IF(OR(O48="",Y48=""),"",IFERROR(ROUND(440*2^((12*(Y48+1)+IFERROR(MATCH(T48,{"C","C#","D","D#","E","F","F#","G","G#","A","A#","B"},0)-1,MATCH(T48,{"C","Db","D","Eb","E","F","Gb","G","Ab","A","Bb","B"},0)-1)-69)/12),2),"")) | AE48: =IF(OR(P48="",Z48=""),"",IFERROR(ROUND(440*2^((12*(Z48+1)+IFERROR(MATCH(U48,{"C","C#","D","D#","E","F","F#","G","G#","A","A#","B"},0)-1,MATCH(U48,{"C","Db","D","Eb","E","F","Gb","G","Ab","A","Bb","B"},0)-1)-69)/12),2),"")) | AF48: =IF(OR(Q48="",AA48=""),"",IFERROR(ROUND(440*2^((12*(AA48+1)+IFERROR(MATCH(V48,{"C","C#","D","D#","E","F","F#","G","G#","A","A#","B"},0)-1,MATCH(V48,{"C","Db","D","Eb","E","F","Gb","G","Ab","A","Bb","B"},0)-1)-69)/12),2),"")) | AJ48: Low | AK48: Medium
A49: TEST_005 | B49: 7 | F49: 4.36 | G49: 6.29 | K49: 4.56 | L49: 6.46 | P49: C4 | Q49: A#3 | R49: =IF(M49="","",LEFT(M49,LEN(M49)-1)) | S49: =IF(N49="","",LEFT(N49,LEN(N49)-1)) | T49: =IF(O49="","",LEFT(O49,LEN(O49)-1)) | U49: =IF(P49="","",LEFT(P49,LEN(P49)-1)) | V49: =IF(Q49="","",LEFT(Q49,LEN(Q49)-1)) | W49: =IF(M49="","",IFERROR(VALUE(RIGHT(M49,1)),"")) | X49: =IF(N49="","",IFERROR(VALUE(RIGHT(N49,1)),"")) | Y49: =IF(O49="","",IFERROR(VALUE(RIGHT(O49,1)),"")) | Z49: =IF(P49="","",IFERROR(VALUE(RIGHT(P49,1)),"")) | AA49: =IF(Q49="","",IFERROR(VALUE(RIGHT(Q49,1)),"")) | AB49: =IF(OR(M49="",W49=""),"",IFERROR(ROUND(440*2^((12*(W49+1)+IFERROR(MATCH(R49,{"C","C#","D","D#","E","F","F#","G","G#","A","A#","B"},0)-1,MATCH(R49,{"C","Db","D","Eb","E","F","Gb","G","Ab","A","Bb","B"},0)-1)-69)/12),2),"")) | AC49: =IF(OR(N49="",X49=""),"",IFERROR(ROUND(440*2^((12*(X49+1)+IFERROR(MATCH(S49,{"C","C#","D","D#","E","F","F#","G","G#","A","A#","B"},0)-1,MATCH(S49,{"C","Db","D","Eb","E","F","Gb","G","Ab","A","Bb","B"},0)-1)-69)/12),2),"")) | AD49: =IF(OR(O49="",Y49=""),"",IFERROR(ROUND(440*2^((12*(Y49+1)+IFERROR(MATCH(T49,{"C","C#","D","D#","E","F","F#","G","G#","A","A#","B"},0)-1,MATCH(T49,{"C","Db","D","Eb","E","F","Gb","G","Ab","A","Bb","B"},0)-1)-69)/12),2),"")) | AE49: =IF(OR(P49="",Z49=""),"",IFERROR(ROUND(440*2^((12*(Z49+1)+IFERROR(MATCH(U49,{"C","C#","D","D#","E","F","F#","G","G#","A","A#","B"},0)-1,MATCH(U49,{"C","Db","D","Eb","E","F","Gb","G","Ab","A","Bb","B"},0)-1)-69)/12),2),"")) | AF49: =IF(OR(Q49="",AA49=""),"",IFERROR(ROUND(440*2^((12*(AA49+1)+IFERROR(MATCH(V49,{"C","C#","D","D#","E","F","F#","G","G#","A","A#","B"},0)-1,MATCH(V49,{"C","Db","D","Eb","E","F","Gb","G","Ab","A","Bb","B"},0)-1)-69)/12),2),"")) | AJ49: Low | AK49: Low
A50: TEST_005 | B50: 8 | F50: 6.7 | G50: 6.77 | K50: 6.97 | L50: 6.98 | P50: F3 | Q50: F3 | R50: =IF(M50="","",LEFT(M50,LEN(M50)-1)) | S50: =IF(N50="","",LEFT(N50,LEN(N50)-1)) | T50: =IF(O50="","",LEFT(O50,LEN(O50)-1)) | U50: =IF(P50="","",LEFT(P50,LEN(P50)-1)) | V50: =IF(Q50="","",LEFT(Q50,LEN(Q50)-1)) | W50: =IF(M50="","",IFERROR(VALUE(RIGHT(M50,1)),"")) | X50: =IF(N50="","",IFERROR(VALUE(RIGHT(N50,1)),"")) | Y50: =IF(O50="","",IFERROR(VALUE(RIGHT(O50,1)),"")) | Z50: =IF(P50="","",IFERROR(VALUE(RIGHT(P50,1)),"")) | AA50: =IF(Q50="","",IFERROR(VALUE(RIGHT(Q50,1)),"")) | AB50: =IF(OR(M50="",W50=""),"",IFERROR(ROUND(440*2^((12*(W50+1)+IFERROR(MATCH(R50,{"C","C#","D","D#","E","F","F#","G","G#","A","A#","B"},0)-1,MATCH(R50,{"C","Db","D","Eb","E","F","Gb","G","Ab","A","Bb","B"},0)-1)-69)/12),2),"")) | AC50: =IF(OR(N50="",X50=""),"",IFERROR(ROUND(440*2^((12*(X50+1)+IFERROR(MATCH(S50,{"C","C#","D","D#","E","F","F#","G","G#","A","A#","B"},0)-1,MATCH(S50,{"C","Db","D","Eb","E","F","Gb","G","Ab","A","Bb","B"},0)-1)-69)/12),2),"")) | AD50: =IF(OR(O50="",Y50=""),"",IFERROR(ROUND(440*2^((12*(Y50+1)+IFERROR(MATCH(T50,{"C","C#","D","D#","E","F","F#","G","G#","A","A#","B"},0)-1,MATCH(T50,{"C","Db","D","Eb","E","F","Gb","G","Ab","A","Bb","B"},0)-1)-69)/12),2),"")) | AE50: =IF(OR(P50="",Z50=""),"",IFERROR(ROUND(440*2^((12*(Z50+1)+IFERROR(MATCH(U50,{"C","C#","D","D#","E","F","F#","G","G#","A","A#","B"},0)-1,MATCH(U50,{"C","Db","D","Eb","E","F","Gb","G","Ab","A","Bb","B"},0)-1)-69)/12),2),"")) | AF50: =IF(OR(Q50="",AA50=""),"",IFERROR(ROUND(440*2^((12*(AA50+1)+IFERROR(MATCH(V50,{"C","C#","D","D#","E","F","F#","G","G#","A","A#","B"},0)-1,MATCH(V50,{"C","Db","D","Eb","E","F","Gb","G","Ab","A","Bb","B"},0)-1)-69)/12),2),"")) | AJ50: Low | AK50: Low
A51: TEST_005 | B51: 9 | F51: 7.07 | G51: 7.7 | K51: 7.43 | L51: 7.85 | P51: A#3 | Q51: D#3 | R51: =IF(M51="","",LEFT(M51,LEN(M51)-1)) | S51: =IF(N51="","",LEFT(N51,LEN(N51)-1)) | T51: =IF(O51="","",LEFT(O51,LEN(O51)-1)) | U51: =IF(P51="","",LEFT(P51,LEN(P51)-1)) | V51: =IF(Q51="","",LEFT(Q51,LEN(Q51)-1)) | W51: =IF(M51="","",IFERROR(VALUE(RIGHT(M51,1)),"")) | X51: =IF(N51="","",IFERROR(VALUE(RIGHT(N51,1)),"")) | Y51: =IF(O51="","",IFERROR(VALUE(RIGHT(O51,1)),"")) | Z51: =IF(P51="","",IFERROR(VALUE(RIGHT(P51,1)),"")) | AA51: =IF(Q51="","",IFERROR(VALUE(RIGHT(Q51,1)),"")) | AB51: =IF(OR(M51="",W51=""),"",IFERROR(ROUND(440*2^((12*(W51+1)+IFERROR(MATCH(R51,{"C","C#","D","D#","E","F","F#","G","G#","A","A#","B"},0)-1,MATCH(R51,{"C","Db","D","Eb","E","F","Gb","G","Ab","A","Bb","B"},0)-1)-69)/12),2),"")) | AC51: =IF(OR(N51="",X51=""),"",IFERROR(ROUND(440*2^((12*(X51+1)+IFERROR(MATCH(S51,{"C","C#","D","D#","E","F","F#","G","G#","A","A#","B"},0)-1,MATCH(S51,{"C","Db","D","Eb","E","F","Gb","G","Ab","A","Bb","B"},0)-1)-69)/12),2),"")) | AD51: =IF(OR(O51="",Y51=""),"",IFERROR(ROUND(440*2^((12*(Y51+1)+IFERROR(MATCH(T51,{"C","C#","D","D#","E","F","F#","G","G#","A","A#","B"},0)-1,MATCH(T51,{"C","Db","D","Eb","E","F","Gb","G","Ab","A","Bb","B"},0)-1)-69)/12),2),"")) | AE51: =IF(OR(P51="",Z51=""),"",IFERROR(ROUND(440*2^((12*(Z51+1)+IFERROR(MATCH(U51,{"C","C#","D","D#","E","F","F#","G","G#","A","A#","B"},0)-1,MATCH(U51,{"C","Db","D","Eb","E","F","Gb","G","Ab","A","Bb","B"},0)-1)-69)/12),2),"")) | AF51: =IF(OR(Q51="",AA51=""),"",IFERROR(ROUND(440*2^((12*(AA51+1)+IFERROR(MATCH(V51,{"C","C#","D","D#","E","F","F#","G","G#","A","A#","B"},0)-1,MATCH(V51,{"C","Db","D","Eb","E","F","Gb","G","Ab","A","Bb","B"},0)-1)-69)/12),2),"")) | AJ51: Low | AK51: Low
A52: TEST_005 | B52: 10 | F52: 7.44 | G52: 7.87 | K52: 7.57 | L52: 8.08 | P52: F#3 | Q52: D#3 | R52: =IF(M52="","",LEFT(M52,LEN(M52)-1)) | S52: =IF(N52="","",LEFT(N52,LEN(N52)-1)) | T52: =IF(O52="","",LEFT(O52,LEN(O52)-1)) | U52: =IF(P52="","",LEFT(P52,LEN(P52)-1)) | V52: =IF(Q52="","",LEFT(Q52,LEN(Q52)-1)) | W52: =IF(M52="","",IFERROR(VALUE(RIGHT(M52,1)),"")) | X52: =IF(N52="","",IFERROR(VALUE(RIGHT(N52,1)),"")) | Y52: =IF(O52="","",IFERROR(VALUE(RIGHT(O52,1)),"")) | Z52: =IF(P52="","",IFERROR(VALUE(RIGHT(P52,1)),"")) | AA52: =IF(Q52="","",IFERROR(VALUE(RIGHT(Q52,1)),"")) | AB52: =IF(OR(M52="",W52=""),"",IFERROR(ROUND(440*2^((12*(W52+1)+IFERROR(MATCH(R52,{"C","C#","D","D#","E","F","F#","G","G#","A","A#","B"},0)-1,MATCH(R52,{"C","Db","D","Eb","E","F","Gb","G","Ab","A","Bb","B"},0)-1)-69)/12),2),"")) | AC52: =IF(OR(N52="",X52=""),"",IFERROR(ROUND(440*2^((12*(X52+1)+IFERROR(MATCH(S52,{"C","C#","D","D#","E","F","F#","G","G#","A","A#","B"},0)-1,MATCH(S52,{"C","Db","D","Eb","E","F","Gb","G","Ab","A","Bb","B"},0)-1)-69)/12),2),"")) | AD52: =IF(OR(O52="",Y52=""),"",IFERROR(ROUND(440*2^((12*(Y52+1)+IFERROR(MATCH(T52,{"C","C#","D","D#","E","F","F#","G","G#","A","A#","B"},0)-1,MATCH(T52,{"C","Db","D","Eb","E","F","Gb","G","Ab","A","Bb","B"},0)-1)-69)/12),2),"")) | AE52: =IF(OR(P52="",Z52=""),"",IFERROR(ROUND(440*2^((12*(Z52+1)+IFERROR(MATCH(U52,{"C","C#","D","D#","E","F","F#","G","G#","A","A#","B"},0)-1,MATCH(U52,{"C","Db","D","Eb","E","F","Gb","G","Ab","A","Bb","B"},0)-1)-69)/12),2),"")) | AF52: =IF(OR(Q52="",AA52=""),"",IFERROR(ROUND(440*2^((12*(AA52+1)+IFERROR(MATCH(V52,{"C","C#","D","D#","E","F","F#","G","G#","A","A#","B"},0)-1,MATCH(V52,{"C","Db","D","Eb","E","F","Gb","G","Ab","A","Bb","B"},0)-1)-69)/12),2),"")) | AJ52: Low | AK52: Low
A53: TEST_006 | B53: 1 | F53: 3.46 | G53: 0.05 | K53: 3.59 | L53: 1.72 | N53: N/A | O53: N/A | P53: G3 | Q53: G2 | R53: =IF(M53="","",LEFT(M53,LEN(M53)-1)) | S53: =IF(N53="","",LEFT(N53,LEN(N53)-1)) | T53: =IF(O53="","",LEFT(O53,LEN(O53)-1)) | U53: =IF(P53="","",LEFT(P53,LEN(P53)-1)) | V53: =IF(Q53="","",LEFT(Q53,LEN(Q53)-1)) | W53: =IF(M53="","",IFERROR(VALUE(RIGHT(M53,1)),"")) | X53: =IF(N53="","",IFERROR(VALUE(RIGHT(N53,1)),"")) | Y53: =IF(O53="","",IFERROR(VALUE(RIGHT(O53,1)),"")) | Z53: =IF(P53="","",IFERROR(VALUE(RIGHT(P53,1)),"")) | AA53: =IF(Q53="","",IFERROR(VALUE(RIGHT(Q53,1)),"")) | AB53: =IF(OR(M53="",W53=""),"",IFERROR(ROUND(440*2^((12*(W53+1)+IFERROR(MATCH(R53,{"C","C#","D","D#","E","F","F#","G","G#","A","A#","B"},0)-1,MATCH(R53,{"C","Db","D","Eb","E","F","Gb","G","Ab","A","Bb","B"},0)-1)-69)/12),2),"")) | AC53: =IF(OR(N53="",X53=""),"",IFERROR(ROUND(440*2^((12*(X53+1)+IFERROR(MATCH(S53,{"C","C#","D","D#","E","F","F#","G","G#","A","A#","B"},0)-1,MATCH(S53,{"C","Db","D","Eb","E","F","Gb","G","Ab","A","Bb","B"},0)-1)-69)/12),2),"")) | AD53: =IF(OR(O53="",Y53=""),"",IFERROR(ROUND(440*2^((12*(Y53+1)+IFERROR(MATCH(T53,{"C","C#","D","D#","E","F","F#","G","G#","A","A#","B"},0)-1,MATCH(T53,{"C","Db","D","Eb","E","F","Gb","G","Ab","A","Bb","B"},0)-1)-69)/12),2),"")) | AE53: =IF(OR(P53="",Z53=""),"",IFERROR(ROUND(440*2^((12*(Z53+1)+IFERROR(MATCH(U53,{"C","C#","D","D#","E","F","F#","G","G#","A","A#","B"},0)-1,MATCH(U53,{"C","Db","D","Eb","E","F","Gb","G","Ab","A","Bb","B"},0)-1)-69)/12),2),"")) | AF53: =IF(OR(Q53="",AA53=""),"",IFERROR(ROUND(440*2^((12*(AA53+1)+IFERROR(MATCH(V53,{"C","C#","D","D#","E","F","F#","G","G#","A","A#","B"},0)-1,MATCH(V53,{"C","Db","D","Eb","E","F","Gb","G","Ab","A","Bb","B"},0)-1)-69)/12),2),"")) | AJ53: Low | AK53: Low | AL53: Other Repo = Essentia Melodia predominant-pitch notes; Claude = librosa pYIN notes (first 10 salient notes, rows NOT aligned across systems). Wilsify: backend has no note-transcription output. Chord AI: no note output available. Polyphonic guitar -> treat as unverified; engines often differ by an octave.
A54: TEST_006 | B54: 2 | F54: 3.95 | G54: 3.04 | K54: 4.11 | L54: 3.18 | P54: D4 | Q54: G2 | R54: =IF(M54="","",LEFT(M54,LEN(M54)-1)) | S54: =IF(N54="","",LEFT(N54,LEN(N54)-1)) | T54: =IF(O54="","",LEFT(O54,LEN(O54)-1)) | U54: =IF(P54="","",LEFT(P54,LEN(P54)-1)) | V54: =IF(Q54="","",LEFT(Q54,LEN(Q54)-1)) | W54: =IF(M54="","",IFERROR(VALUE(RIGHT(M54,1)),"")) | X54: =IF(N54="","",IFERROR(VALUE(RIGHT(N54,1)),"")) | Y54: =IF(O54="","",IFERROR(VALUE(RIGHT(O54,1)),"")) | Z54: =IF(P54="","",IFERROR(VALUE(RIGHT(P54,1)),"")) | AA54: =IF(Q54="","",IFERROR(VALUE(RIGHT(Q54,1)),"")) | AB54: =IF(OR(M54="",W54=""),"",IFERROR(ROUND(440*2^((12*(W54+1)+IFERROR(MATCH(R54,{"C","C#","D","D#","E","F","F#","G","G#","A","A#","B"},0)-1,MATCH(R54,{"C","Db","D","Eb","E","F","Gb","G","Ab","A","Bb","B"},0)-1)-69)/12),2),"")) | AC54: =IF(OR(N54="",X54=""),"",IFERROR(ROUND(440*2^((12*(X54+1)+IFERROR(MATCH(S54,{"C","C#","D","D#","E","F","F#","G","G#","A","A#","B"},0)-1,MATCH(S54,{"C","Db","D","Eb","E","F","Gb","G","Ab","A","Bb","B"},0)-1)-69)/12),2),"")) | AD54: =IF(OR(O54="",Y54=""),"",IFERROR(ROUND(440*2^((12*(Y54+1)+IFERROR(MATCH(T54,{"C","C#","D","D#","E","F","F#","G","G#","A","A#","B"},0)-1,MATCH(T54,{"C","Db","D","Eb","E","F","Gb","G","Ab","A","Bb","B"},0)-1)-69)/12),2),"")) | AE54: =IF(OR(P54="",Z54=""),"",IFERROR(ROUND(440*2^((12*(Z54+1)+IFERROR(MATCH(U54,{"C","C#","D","D#","E","F","F#","G","G#","A","A#","B"},0)-1,MATCH(U54,{"C","Db","D","Eb","E","F","Gb","G","Ab","A","Bb","B"},0)-1)-69)/12),2),"")) | AF54: =IF(OR(Q54="",AA54=""),"",IFERROR(ROUND(440*2^((12*(AA54+1)+IFERROR(MATCH(V54,{"C","C#","D","D#","E","F","F#","G","G#","A","A#","B"},0)-1,MATCH(V54,{"C","Db","D","Eb","E","F","Gb","G","Ab","A","Bb","B"},0)-1)-69)/12),2),"")) | AJ54: Low | AK54: Low
A55: TEST_006 | B55: 3 | F55: 6.02 | G55: 3.44 | K55: 6.22 | L55: 3.63 | P55: B3 | Q55: G3 | R55: =IF(M55="","",LEFT(M55,LEN(M55)-1)) | S55: =IF(N55="","",LEFT(N55,LEN(N55)-1)) | T55: =IF(O55="","",LEFT(O55,LEN(O55)-1)) | U55: =IF(P55="","",LEFT(P55,LEN(P55)-1)) | V55: =IF(Q55="","",LEFT(Q55,LEN(Q55)-1)) | W55: =IF(M55="","",IFERROR(VALUE(RIGHT(M55,1)),"")) | X55: =IF(N55="","",IFERROR(VALUE(RIGHT(N55,1)),"")) | Y55: =IF(O55="","",IFERROR(VALUE(RIGHT(O55,1)),"")) | Z55: =IF(P55="","",IFERROR(VALUE(RIGHT(P55,1)),"")) | AA55: =IF(Q55="","",IFERROR(VALUE(RIGHT(Q55,1)),"")) | AB55: =IF(OR(M55="",W55=""),"",IFERROR(ROUND(440*2^((12*(W55+1)+IFERROR(MATCH(R55,{"C","C#","D","D#","E","F","F#","G","G#","A","A#","B"},0)-1,MATCH(R55,{"C","Db","D","Eb","E","F","Gb","G","Ab","A","Bb","B"},0)-1)-69)/12),2),"")) | AC55: =IF(OR(N55="",X55=""),"",IFERROR(ROUND(440*2^((12*(X55+1)+IFERROR(MATCH(S55,{"C","C#","D","D#","E","F","F#","G","G#","A","A#","B"},0)-1,MATCH(S55,{"C","Db","D","Eb","E","F","Gb","G","Ab","A","Bb","B"},0)-1)-69)/12),2),"")) | AD55: =IF(OR(O55="",Y55=""),"",IFERROR(ROUND(440*2^((12*(Y55+1)+IFERROR(MATCH(T55,{"C","C#","D","D#","E","F","F#","G","G#","A","A#","B"},0)-1,MATCH(T55,{"C","Db","D","Eb","E","F","Gb","G","Ab","A","Bb","B"},0)-1)-69)/12),2),"")) | AE55: =IF(OR(P55="",Z55=""),"",IFERROR(ROUND(440*2^((12*(Z55+1)+IFERROR(MATCH(U55,{"C","C#","D","D#","E","F","F#","G","G#","A","A#","B"},0)-1,MATCH(U55,{"C","Db","D","Eb","E","F","Gb","G","Ab","A","Bb","B"},0)-1)-69)/12),2),"")) | AF55: =IF(OR(Q55="",AA55=""),"",IFERROR(ROUND(440*2^((12*(AA55+1)+IFERROR(MATCH(V55,{"C","C#","D","D#","E","F","F#","G","G#","A","A#","B"},0)-1,MATCH(V55,{"C","Db","D","Eb","E","F","Gb","G","Ab","A","Bb","B"},0)-1)-69)/12),2),"")) | AJ55: Low | AK55: Low
A56: TEST_006 | B56: 4 | F56: 6.49 | G56: 3.76 | K56: 6.8 | L56: 3.89 | P56: E4 | Q56: B3 | R56: =IF(M56="","",LEFT(M56,LEN(M56)-1)) | S56: =IF(N56="","",LEFT(N56,LEN(N56)-1)) | T56: =IF(O56="","",LEFT(O56,LEN(O56)-1)) | U56: =IF(P56="","",LEFT(P56,LEN(P56)-1)) | V56: =IF(Q56="","",LEFT(Q56,LEN(Q56)-1)) | W56: =IF(M56="","",IFERROR(VALUE(RIGHT(M56,1)),"")) | X56: =IF(N56="","",IFERROR(VALUE(RIGHT(N56,1)),"")) | Y56: =IF(O56="","",IFERROR(VALUE(RIGHT(O56,1)),"")) | Z56: =IF(P56="","",IFERROR(VALUE(RIGHT(P56,1)),"")) | AA56: =IF(Q56="","",IFERROR(VALUE(RIGHT(Q56,1)),"")) | AB56: =IF(OR(M56="",W56=""),"",IFERROR(ROUND(440*2^((12*(W56+1)+IFERROR(MATCH(R56,{"C","C#","D","D#","E","F","F#","G","G#","A","A#","B"},0)-1,MATCH(R56,{"C","Db","D","Eb","E","F","Gb","G","Ab","A","Bb","B"},0)-1)-69)/12),2),"")) | AC56: =IF(OR(N56="",X56=""),"",IFERROR(ROUND(440*2^((12*(X56+1)+IFERROR(MATCH(S56,{"C","C#","D","D#","E","F","F#","G","G#","A","A#","B"},0)-1,MATCH(S56,{"C","Db","D","Eb","E","F","Gb","G","Ab","A","Bb","B"},0)-1)-69)/12),2),"")) | AD56: =IF(OR(O56="",Y56=""),"",IFERROR(ROUND(440*2^((12*(Y56+1)+IFERROR(MATCH(T56,{"C","C#","D","D#","E","F","F#","G","G#","A","A#","B"},0)-1,MATCH(T56,{"C","Db","D","Eb","E","F","Gb","G","Ab","A","Bb","B"},0)-1)-69)/12),2),"")) | AE56: =IF(OR(P56="",Z56=""),"",IFERROR(ROUND(440*2^((12*(Z56+1)+IFERROR(MATCH(U56,{"C","C#","D","D#","E","F","F#","G","G#","A","A#","B"},0)-1,MATCH(U56,{"C","Db","D","Eb","E","F","Gb","G","Ab","A","Bb","B"},0)-1)-69)/12),2),"")) | AF56: =IF(OR(Q56="",AA56=""),"",IFERROR(ROUND(440*2^((12*(AA56+1)+IFERROR(MATCH(V56,{"C","C#","D","D#","E","F","F#","G","G#","A","A#","B"},0)-1,MATCH(V56,{"C","Db","D","Eb","E","F","Gb","G","Ab","A","Bb","B"},0)-1)-69)/12),2),"")) | AJ56: Low | AK56: Low
A57: TEST_006 | B57: 5 | F57: 6.82 | G57: 3.9 | K57: 7.02 | L57: 4.11 | P57: G4 | Q57: D4 | R57: =IF(M57="","",LEFT(M57,LEN(M57)-1)) | S57: =IF(N57="","",LEFT(N57,LEN(N57)-1)) | T57: =IF(O57="","",LEFT(O57,LEN(O57)-1)) | U57: =IF(P57="","",LEFT(P57,LEN(P57)-1)) | V57: =IF(Q57="","",LEFT(Q57,LEN(Q57)-1)) | W57: =IF(M57="","",IFERROR(VALUE(RIGHT(M57,1)),"")) | X57: =IF(N57="","",IFERROR(VALUE(RIGHT(N57,1)),"")) | Y57: =IF(O57="","",IFERROR(VALUE(RIGHT(O57,1)),"")) | Z57: =IF(P57="","",IFERROR(VALUE(RIGHT(P57,1)),"")) | AA57: =IF(Q57="","",IFERROR(VALUE(RIGHT(Q57,1)),"")) | AB57: =IF(OR(M57="",W57=""),"",IFERROR(ROUND(440*2^((12*(W57+1)+IFERROR(MATCH(R57,{"C","C#","D","D#","E","F","F#","G","G#","A","A#","B"},0)-1,MATCH(R57,{"C","Db","D","Eb","E","F","Gb","G","Ab","A","Bb","B"},0)-1)-69)/12),2),"")) | AC57: =IF(OR(N57="",X57=""),"",IFERROR(ROUND(440*2^((12*(X57+1)+IFERROR(MATCH(S57,{"C","C#","D","D#","E","F","F#","G","G#","A","A#","B"},0)-1,MATCH(S57,{"C","Db","D","Eb","E","F","Gb","G","Ab","A","Bb","B"},0)-1)-69)/12),2),"")) | AD57: =IF(OR(O57="",Y57=""),"",IFERROR(ROUND(440*2^((12*(Y57+1)+IFERROR(MATCH(T57,{"C","C#","D","D#","E","F","F#","G","G#","A","A#","B"},0)-1,MATCH(T57,{"C","Db","D","Eb","E","F","Gb","G","Ab","A","Bb","B"},0)-1)-69)/12),2),"")) | AE57: =IF(OR(P57="",Z57=""),"",IFERROR(ROUND(440*2^((12*(Z57+1)+IFERROR(MATCH(U57,{"C","C#","D","D#","E","F","F#","G","G#","A","A#","B"},0)-1,MATCH(U57,{"C","Db","D","Eb","E","F","Gb","G","Ab","A","Bb","B"},0)-1)-69)/12),2),"")) | AF57: =IF(OR(Q57="",AA57=""),"",IFERROR(ROUND(440*2^((12*(AA57+1)+IFERROR(MATCH(V57,{"C","C#","D","D#","E","F","F#","G","G#","A","A#","B"},0)-1,MATCH(V57,{"C","Db","D","Eb","E","F","Gb","G","Ab","A","Bb","B"},0)-1)-69)/12),2),"")) | AJ57: Low | AK57: Low
A58: TEST_006 | B58: 6 | F58: 7.04 | G58: 4.18 | K58: 7.35 | L58: 4.31 | P58: E4 | Q58: E4 | R58: =IF(M58="","",LEFT(M58,LEN(M58)-1)) | S58: =IF(N58="","",LEFT(N58,LEN(N58)-1)) | T58: =IF(O58="","",LEFT(O58,LEN(O58)-1)) | U58: =IF(P58="","",LEFT(P58,LEN(P58)-1)) | V58: =IF(Q58="","",LEFT(Q58,LEN(Q58)-1)) | W58: =IF(M58="","",IFERROR(VALUE(RIGHT(M58,1)),"")) | X58: =IF(N58="","",IFERROR(VALUE(RIGHT(N58,1)),"")) | Y58: =IF(O58="","",IFERROR(VALUE(RIGHT(O58,1)),"")) | Z58: =IF(P58="","",IFERROR(VALUE(RIGHT(P58,1)),"")) | AA58: =IF(Q58="","",IFERROR(VALUE(RIGHT(Q58,1)),"")) | AB58: =IF(OR(M58="",W58=""),"",IFERROR(ROUND(440*2^((12*(W58+1)+IFERROR(MATCH(R58,{"C","C#","D","D#","E","F","F#","G","G#","A","A#","B"},0)-1,MATCH(R58,{"C","Db","D","Eb","E","F","Gb","G","Ab","A","Bb","B"},0)-1)-69)/12),2),"")) | AC58: =IF(OR(N58="",X58=""),"",IFERROR(ROUND(440*2^((12*(X58+1)+IFERROR(MATCH(S58,{"C","C#","D","D#","E","F","F#","G","G#","A","A#","B"},0)-1,MATCH(S58,{"C","Db","D","Eb","E","F","Gb","G","Ab","A","Bb","B"},0)-1)-69)/12),2),"")) | AD58: =IF(OR(O58="",Y58=""),"",IFERROR(ROUND(440*2^((12*(Y58+1)+IFERROR(MATCH(T58,{"C","C#","D","D#","E","F","F#","G","G#","A","A#","B"},0)-1,MATCH(T58,{"C","Db","D","Eb","E","F","Gb","G","Ab","A","Bb","B"},0)-1)-69)/12),2),"")) | AE58: =IF(OR(P58="",Z58=""),"",IFERROR(ROUND(440*2^((12*(Z58+1)+IFERROR(MATCH(U58,{"C","C#","D","D#","E","F","F#","G","G#","A","A#","B"},0)-1,MATCH(U58,{"C","Db","D","Eb","E","F","Gb","G","Ab","A","Bb","B"},0)-1)-69)/12),2),"")) | AF58: =IF(OR(Q58="",AA58=""),"",IFERROR(ROUND(440*2^((12*(AA58+1)+IFERROR(MATCH(V58,{"C","C#","D","D#","E","F","F#","G","G#","A","A#","B"},0)-1,MATCH(V58,{"C","Db","D","Eb","E","F","Gb","G","Ab","A","Bb","B"},0)-1)-69)/12),2),"")) | AJ58: Low | AK58: Medium
A59: TEST_006 | B59: 7 | F59: 8.54 | G59: 4.38 | K59: 8.68 | L59: 4.61 | P59: D4 | Q59: G4 | R59: =IF(M59="","",LEFT(M59,LEN(M59)-1)) | S59: =IF(N59="","",LEFT(N59,LEN(N59)-1)) | T59: =IF(O59="","",LEFT(O59,LEN(O59)-1)) | U59: =IF(P59="","",LEFT(P59,LEN(P59)-1)) | V59: =IF(Q59="","",LEFT(Q59,LEN(Q59)-1)) | W59: =IF(M59="","",IFERROR(VALUE(RIGHT(M59,1)),"")) | X59: =IF(N59="","",IFERROR(VALUE(RIGHT(N59,1)),"")) | Y59: =IF(O59="","",IFERROR(VALUE(RIGHT(O59,1)),"")) | Z59: =IF(P59="","",IFERROR(VALUE(RIGHT(P59,1)),"")) | AA59: =IF(Q59="","",IFERROR(VALUE(RIGHT(Q59,1)),"")) | AB59: =IF(OR(M59="",W59=""),"",IFERROR(ROUND(440*2^((12*(W59+1)+IFERROR(MATCH(R59,{"C","C#","D","D#","E","F","F#","G","G#","A","A#","B"},0)-1,MATCH(R59,{"C","Db","D","Eb","E","F","Gb","G","Ab","A","Bb","B"},0)-1)-69)/12),2),"")) | AC59: =IF(OR(N59="",X59=""),"",IFERROR(ROUND(440*2^((12*(X59+1)+IFERROR(MATCH(S59,{"C","C#","D","D#","E","F","F#","G","G#","A","A#","B"},0)-1,MATCH(S59,{"C","Db","D","Eb","E","F","Gb","G","Ab","A","Bb","B"},0)-1)-69)/12),2),"")) | AD59: =IF(OR(O59="",Y59=""),"",IFERROR(ROUND(440*2^((12*(Y59+1)+IFERROR(MATCH(T59,{"C","C#","D","D#","E","F","F#","G","G#","A","A#","B"},0)-1,MATCH(T59,{"C","Db","D","Eb","E","F","Gb","G","Ab","A","Bb","B"},0)-1)-69)/12),2),"")) | AE59: =IF(OR(P59="",Z59=""),"",IFERROR(ROUND(440*2^((12*(Z59+1)+IFERROR(MATCH(U59,{"C","C#","D","D#","E","F","F#","G","G#","A","A#","B"},0)-1,MATCH(U59,{"C","Db","D","Eb","E","F","Gb","G","Ab","A","Bb","B"},0)-1)-69)/12),2),"")) | AF59: =IF(OR(Q59="",AA59=""),"",IFERROR(ROUND(440*2^((12*(AA59+1)+IFERROR(MATCH(V59,{"C","C#","D","D#","E","F","F#","G","G#","A","A#","B"},0)-1,MATCH(V59,{"C","Db","D","Eb","E","F","Gb","G","Ab","A","Bb","B"},0)-1)-69)/12),2),"")) | AJ59: Low | AK59: Low
A60: TEST_006 | B60: 8 | F60: 9.06 | G60: 4.68 | K60: 9.37 | L60: 4.84 | P60: G4 | Q60: G4 | R60: =IF(M60="","",LEFT(M60,LEN(M60)-1)) | S60: =IF(N60="","",LEFT(N60,LEN(N60)-1)) | T60: =IF(O60="","",LEFT(O60,LEN(O60)-1)) | U60: =IF(P60="","",LEFT(P60,LEN(P60)-1)) | V60: =IF(Q60="","",LEFT(Q60,LEN(Q60)-1)) | W60: =IF(M60="","",IFERROR(VALUE(RIGHT(M60,1)),"")) | X60: =IF(N60="","",IFERROR(VALUE(RIGHT(N60,1)),"")) | Y60: =IF(O60="","",IFERROR(VALUE(RIGHT(O60,1)),"")) | Z60: =IF(P60="","",IFERROR(VALUE(RIGHT(P60,1)),"")) | AA60: =IF(Q60="","",IFERROR(VALUE(RIGHT(Q60,1)),"")) | AB60: =IF(OR(M60="",W60=""),"",IFERROR(ROUND(440*2^((12*(W60+1)+IFERROR(MATCH(R60,{"C","C#","D","D#","E","F","F#","G","G#","A","A#","B"},0)-1,MATCH(R60,{"C","Db","D","Eb","E","F","Gb","G","Ab","A","Bb","B"},0)-1)-69)/12),2),"")) | AC60: =IF(OR(N60="",X60=""),"",IFERROR(ROUND(440*2^((12*(X60+1)+IFERROR(MATCH(S60,{"C","C#","D","D#","E","F","F#","G","G#","A","A#","B"},0)-1,MATCH(S60,{"C","Db","D","Eb","E","F","Gb","G","Ab","A","Bb","B"},0)-1)-69)/12),2),"")) | AD60: =IF(OR(O60="",Y60=""),"",IFERROR(ROUND(440*2^((12*(Y60+1)+IFERROR(MATCH(T60,{"C","C#","D","D#","E","F","F#","G","G#","A","A#","B"},0)-1,MATCH(T60,{"C","Db","D","Eb","E","F","Gb","G","Ab","A","Bb","B"},0)-1)-69)/12),2),"")) | AE60: =IF(OR(P60="",Z60=""),"",IFERROR(ROUND(440*2^((12*(Z60+1)+IFERROR(MATCH(U60,{"C","C#","D","D#","E","F","F#","G","G#","A","A#","B"},0)-1,MATCH(U60,{"C","Db","D","Eb","E","F","Gb","G","Ab","A","Bb","B"},0)-1)-69)/12),2),"")) | AF60: =IF(OR(Q60="",AA60=""),"",IFERROR(ROUND(440*2^((12*(AA60+1)+IFERROR(MATCH(V60,{"C","C#","D","D#","E","F","F#","G","G#","A","A#","B"},0)-1,MATCH(V60,{"C","Db","D","Eb","E","F","Gb","G","Ab","A","Bb","B"},0)-1)-69)/12),2),"")) | AJ60: Low | AK60: High
A61: TEST_006 | B61: 9 | F61: 9.71 | G61: 4.86 | K61: 10.79 | L61: 5.65 | P61: D5 | Q61: G4 | R61: =IF(M61="","",LEFT(M61,LEN(M61)-1)) | S61: =IF(N61="","",LEFT(N61,LEN(N61)-1)) | T61: =IF(O61="","",LEFT(O61,LEN(O61)-1)) | U61: =IF(P61="","",LEFT(P61,LEN(P61)-1)) | V61: =IF(Q61="","",LEFT(Q61,LEN(Q61)-1)) | W61: =IF(M61="","",IFERROR(VALUE(RIGHT(M61,1)),"")) | X61: =IF(N61="","",IFERROR(VALUE(RIGHT(N61,1)),"")) | Y61: =IF(O61="","",IFERROR(VALUE(RIGHT(O61,1)),"")) | Z61: =IF(P61="","",IFERROR(VALUE(RIGHT(P61,1)),"")) | AA61: =IF(Q61="","",IFERROR(VALUE(RIGHT(Q61,1)),"")) | AB61: =IF(OR(M61="",W61=""),"",IFERROR(ROUND(440*2^((12*(W61+1)+IFERROR(MATCH(R61,{"C","C#","D","D#","E","F","F#","G","G#","A","A#","B"},0)-1,MATCH(R61,{"C","Db","D","Eb","E","F","Gb","G","Ab","A","Bb","B"},0)-1)-69)/12),2),"")) | AC61: =IF(OR(N61="",X61=""),"",IFERROR(ROUND(440*2^((12*(X61+1)+IFERROR(MATCH(S61,{"C","C#","D","D#","E","F","F#","G","G#","A","A#","B"},0)-1,MATCH(S61,{"C","Db","D","Eb","E","F","Gb","G","Ab","A","Bb","B"},0)-1)-69)/12),2),"")) | AD61: =IF(OR(O61="",Y61=""),"",IFERROR(ROUND(440*2^((12*(Y61+1)+IFERROR(MATCH(T61,{"C","C#","D","D#","E","F","F#","G","G#","A","A#","B"},0)-1,MATCH(T61,{"C","Db","D","Eb","E","F","Gb","G","Ab","A","Bb","B"},0)-1)-69)/12),2),"")) | AE61: =IF(OR(P61="",Z61=""),"",IFERROR(ROUND(440*2^((12*(Z61+1)+IFERROR(MATCH(U61,{"C","C#","D","D#","E","F","F#","G","G#","A","A#","B"},0)-1,MATCH(U61,{"C","Db","D","Eb","E","F","Gb","G","Ab","A","Bb","B"},0)-1)-69)/12),2),"")) | AF61: =IF(OR(Q61="",AA61=""),"",IFERROR(ROUND(440*2^((12*(AA61+1)+IFERROR(MATCH(V61,{"C","C#","D","D#","E","F","F#","G","G#","A","A#","B"},0)-1,MATCH(V61,{"C","Db","D","Eb","E","F","Gb","G","Ab","A","Bb","B"},0)-1)-69)/12),2),"")) | AJ61: Low | AK61: Medium
